Nome;CAE;Sector;Morada;Codigo Postal;Localidade;Distrito;Telefone;Website;Email;Latitude;Longitude;Fonte
"Electro-Creixomil";43211;Eletricistas;"";;;;;;;41.5386249;-8.6833413;OpenStreetMap
"Pichelaria CÃ¡vado";43221;Picheleiros;"";;;;;;;41.6035792;-8.4552467;OpenStreetMap
"Marmores e Granitos Transmontanos";43994;Pedreiros;"";;;;;;;41.7675283;-7.4830554;OpenStreetMap
"Carpintaria";43321;Carpinteiros;"";;;;;;;37.0858637;-8.9074963;OpenStreetMap
"Atlantis Cristais";41200;Construcao Geral;"";;;;;;;39.6084258;-8.9838330;OpenStreetMap
"Pintadecor";43341;Pintores;"";;;;;;;39.5066200;-8.9731455;OpenStreetMap
"Francisco Cunha Pintura";43341;Pintores;"";;;;;;;40.6238735;-8.6233023;OpenStreetMap
"Carpinteiro Vasco";43321;Carpinteiros;"";;;;;;;39.6019799;-8.4130348;OpenStreetMap
"Tanoaria Tacopal";43321;Carpinteiros;"Rua da Industria";5225;PalaÃ§oulo;;;;;41.4562414;-6.4422769;OpenStreetMap
"Marconfril";43222;Climatizacao AVAC;"";;;;;;;39.6070571;-8.4083816;OpenStreetMap
"Quinzinho Electricista";43211;Eletricistas;"";;Lourosa;;;;;40.9816688;-8.5365994;OpenStreetMap
"Auto ElÃ©ctrica de FiÃ£es";43211;Eletricistas;"";;;;;;;40.9831885;-8.5172750;OpenStreetMap
"Carpintaria";43321;Carpinteiros;"";;;;;;;42.0152678;-8.4753292;OpenStreetMap
"Granitos Deu-La-Deu";43994;Pedreiros;"Tomada - Moreira Apt 105";4950-600;MonÃ§Ã£o;;;;;42.0154598;-8.4876762;OpenStreetMap
"Melo e Carvalheira";43211;Eletricistas;"Estrada de Coselhas";3000-125;Coimbra;;+351 239 493987;;meloecarvalheira@sapo.pt;40.2232507;-8.4237900;OpenStreetMap
"Lareira de J. P. - FogÃµes";43222;Climatizacao AVAC;"Rua Jose Moura Coutinho";4785-329 Trofa - Muro;;;+351 252 450 450;https://www.lareira.pt/;;41.3043940;-8.5884676;OpenStreetMap
"IrmÃ£os Alves";43321;Carpinteiros;"";;;;;;;37.0984912;-7.9745783;OpenStreetMap
"Pedreira Pedregal";43994;Pedreiros;"";;;;;;;32.8139839;-17.2340826;OpenStreetMap
"ArcoFrigo";43222;Climatizacao AVAC;"";;;;;;;39.3326134;-8.9267915;OpenStreetMap
"Carvalho Batista";43995;Serralharia;"Rua de Dona EstefÃ¢nia";1000-154;;;+351 210 458 023;+351 213 157 838;https://carvalhobatista.com/;carvalho.batista.lda@gmail.com;38.7342718;-9.1412638;OpenStreetMap
"Chaves do Areeiro";43995;Serralharia;"PraÃ§a Francisco SÃ¡ Carneiro";1000-160;Lisboa;;+351 218 453 010;https://www.chavesareeiro.pt/;geral@chavesareeiro.pt;38.7426875;-9.1327814;OpenStreetMap
"Matelmor";43211;Eletricistas;"";;;;;;;39.3140204;-8.9196492;OpenStreetMap
"Electricista auto";43211;Eletricistas;"";;;;;;;39.3156685;-8.9174577;OpenStreetMap
"Fixovidro";41200;Construcao Geral;"Estrada da Algazarra";;;;;;;38.6508680;-9.1656746;OpenStreetMap
"Salvador Fernandes & Filhos";43994;Pedreiros;"Estrada Divino Salvador";4990-800;;;;http://www.sff.pt;;41.7300861;-8.6514191;OpenStreetMap
"AR - MÃ¡rmores e Granitos";43994;Pedreiros;"Avenida dos Correios";;Esmoriz;;;;;40.9581431;-8.6286939;OpenStreetMap
"J. N. Material de Rega";81300;Paisagismo e Jardins;"Rua 31 de Janeiro";2500-118;Caldas da Rainha;;;;;39.4110959;-9.1386778;OpenStreetMap
"Electro Pisca";43211;Eletricistas;"";;;;;;;41.4541030;-8.2707630;OpenStreetMap
"Vidraria da Avenida";41200;Construcao Geral;"Rua da Rosa";2500-081;Caldas da Rainha;;;;;39.4069782;-9.1389472;OpenStreetMap
"Mogranitos";43994;Pedreiros;"";;;;+351 279 343 552;https://mogranitos.pt/;;41.3512033;-6.6907169;OpenStreetMap
"J. Pires";43321;Carpinteiros;"";;;;;;;41.3511635;-6.6915982;OpenStreetMap
"Carpintaria Rito";43321;Carpinteiros;"";;;;;;;41.3507401;-6.6925381;OpenStreetMap
"A Moderna";43321;Carpinteiros;"Rua Bernardo Albuquerque";;;;;amoderna.wix.com;;40.2150959;-8.4103587;OpenStreetMap
"Pichelaria Loureiro";43221;Picheleiros;"Avenida dos Bombeiros VoluntÃ¡rios";4840-100;Moimenta - Terras de Bouro;;;www.facebook.com/loureiropichelariaclimatizacoes;;41.7173973;-8.3115766;OpenStreetMap
"Solbequi";43222;Climatizacao AVAC;"Rua Cidade de Abrantes";2500-146;Caldas da Rainha;;;;;39.3991965;-9.1448281;OpenStreetMap
"Calor Azul";43222;Climatizacao AVAC;"";;;;;;;41.7823664;-6.7779954;OpenStreetMap
"TanqueLuz";43211;Eletricistas;"";;;;;;;41.4223793;-8.5356860;OpenStreetMap
"VÃ­tor R. Coelho";43321;Carpinteiros;"";;;;;;;41.3393794;-8.4921227;OpenStreetMap
"Carpi Rocha";43321;Carpinteiros;"";;;;;;;41.8458995;-8.4188328;OpenStreetMap
"Pedreira Guerra - PFS";43994;Pedreiros;"";;;;;https://mti-minas-portugal.blogspot.pt/2014/04/canteras-de-marmol-de-estremoz.html;;38.7435030;-7.4226366;OpenStreetMap
"Pedreira Lagoa-MT-Amoet";43994;Pedreiros;"";;;;;https://mti-minas-portugal.blogspot.pt/2014/04/canteras-de-marmol-de-estremoz.html;;38.7410393;-7.4198440;OpenStreetMap
"Pedreira Lugar dos Coutos";43994;Pedreiros;"";;;;;https://mti-minas-portugal.blogspot.pt/2014/04/canteras-de-marmol-de-estremoz.html;;38.7536096;-7.4323839;OpenStreetMap
"Pedreira Olival Grande NÂº 3";43994;Pedreiros;"";;;;;https://mti-minas-portugal.blogspot.pt/2014/04/canteras-de-marmol-de-estremoz.html;;38.7484599;-7.4215147;OpenStreetMap
"Pedreira Herdade da Cava - GC";43994;Pedreiros;"";;;;;https://mti-minas-portugal.blogspot.pt/2014/04/canteras-de-marmol-de-estremoz.html;;38.7462062;-7.4380993;OpenStreetMap
"Pedreira Tr-Roseirinha";43994;Pedreiros;"";;;;;https://mti-minas-portugal.blogspot.pt/2014/04/canteras-de-marmol-de-estremoz.html;;38.7520081;-7.4302622;OpenStreetMap
"Pedreira Luc";43994;Pedreiros;"";;;;;https://mti-minas-portugal.blogspot.pt/2014/04/canteras-de-marmol-de-estremoz.html;;38.7499649;-7.4359999;OpenStreetMap
"Pedreira Herdade da Calva - DC";43994;Pedreiros;"";;;;;https://mti-minas-portugal.blogspot.pt/2014/04/canteras-de-marmol-de-estremoz.html;;38.7513884;-7.4358840;OpenStreetMap
"Pedreira Monte JoÃ£o Pardo";43994;Pedreiros;"";;;;;https://mti-minas-portugal.blogspot.pt/2014/04/canteras-de-marmol-de-estremoz.html;;38.9165936;-7.7033562;OpenStreetMap
"Pedreira Herdade da Calva NGC";43994;Pedreiros;"";;;;;https://mti-minas-portugal.blogspot.pt/2014/04/canteras-de-marmol-de-estremoz.html;;38.7522332;-7.4373417;OpenStreetMap
"Pedreira Courela do Carraco";43994;Pedreiros;"";;;;;https://mti-minas-portugal.blogspot.pt/2014/04/canteras-de-marmol-de-estremoz.html;;38.8821405;-7.6384592;OpenStreetMap
"Pedreira Maroteira A.I.";43994;Pedreiros;"";;;;;https://mti-minas-portugal.blogspot.pt/2014/04/canteras-de-marmol-de-estremoz.html;;38.7467394;-7.4259726;OpenStreetMap
"Pedreira Venda da Porca";43994;Pedreiros;"";;;;;https://mti-minas-portugal.blogspot.pt/2014/04/canteras-de-marmol-de-estremoz.html;;38.8797665;-7.6359174;OpenStreetMap
"Pedreira TrÃ¡s os Montes NÂº 3";43994;Pedreiros;"";;;;;https://mti-minas-portugal.blogspot.pt/2014/04/canteras-de-marmol-de-estremoz.html;;38.7497864;-7.4276029;OpenStreetMap
"Pedreira Santos NÂº 2 - PS";43994;Pedreiros;"";;;;;https://mti-minas-portugal.blogspot.pt/2014/04/canteras-de-marmol-de-estremoz.html;;38.7477489;-7.4267376;OpenStreetMap
"Pedreira D. Martinho";43994;Pedreiros;"";;;;;https://mti-minas-portugal.blogspot.pt/2014/04/canteras-de-marmol-de-estremoz.html;;38.8775520;-7.6318931;OpenStreetMap
"Pedreira Santo AntÃ³nio";43994;Pedreiros;"";;;;;https://mti-minas-portugal.blogspot.pt/2014/04/canteras-de-marmol-de-estremoz.html;;38.8376410;-7.5765976;OpenStreetMap
"Pedreira de Santo AntÃ³nio - MÃ¡rmores do Batanete";43994;Pedreiros;"";;;;;https://mti-minas-portugal.blogspot.pt/2014/04/canteras-de-marmol-de-estremoz.html;;38.8367833;-7.5787788;OpenStreetMap
"Pedreira Courela de Santo AntÃ³nio - Parcela ED 1";43994;Pedreiros;"";;;;;https://mti-minas-portugal.blogspot.pt/2014/04/canteras-de-marmol-de-estremoz.html;;38.8367470;-7.5790920;OpenStreetMap
"Pedreira Cerca de Santo AntÃ³nio A";43994;Pedreiros;"";;;;;https://mti-minas-portugal.blogspot.pt/2014/04/canteras-de-marmol-de-estremoz.html;;38.8363605;-7.5784669;OpenStreetMap
"Pedreira Courela de Santo AntÃ³nio - Parcela ED";43994;Pedreiros;"";;;;;https://mti-minas-portugal.blogspot.pt/2014/04/canteras-de-marmol-de-estremoz.html;;38.8353474;-7.5793095;OpenStreetMap
"Pedreira Cruz dos Meninos III";43994;Pedreiros;"";;;;;https://mti-minas-portugal.blogspot.pt/2014/04/canteras-de-marmol-de-estremoz.html;;38.8330692;-7.5711028;OpenStreetMap
"Pedreira Cerca de Santo AntÃ³nio";43994;Pedreiros;"";;;;;https://mti-minas-portugal.blogspot.pt/2014/04/canteras-de-marmol-de-estremoz.html;;38.8353055;-7.5779866;OpenStreetMap
"Pedreira Cruz dos Meninos - CZ";43994;Pedreiros;"";;;;;https://mti-minas-portugal.blogspot.pt/2014/04/canteras-de-marmol-de-estremoz.html;;38.8322641;-7.5692677;OpenStreetMap
"Pedreira Cruz dos Meninos BR";43994;Pedreiros;"";;;;;https://mti-minas-portugal.blogspot.pt/2014/04/canteras-de-marmol-de-estremoz.html;;38.8325969;-7.5703742;OpenStreetMap
"Pedreira Carrascal Cruz dos Meninos";43994;Pedreiros;"";;;;;https://mti-minas-portugal.blogspot.pt/2014/04/canteras-de-marmol-de-estremoz.html;;38.8314025;-7.5683514;OpenStreetMap
"Pedreira Olival a Quinta dos Meninos NÂº 3";43994;Pedreiros;"";;;;;https://mti-minas-portugal.blogspot.pt/2014/04/canteras-de-marmol-de-estremoz.html;;38.8308282;-7.5667112;OpenStreetMap
"Pedreira Cruz dos Meninos MMS";43994;Pedreiros;"";;;;;https://mti-minas-portugal.blogspot.pt/2014/04/canteras-de-marmol-de-estremoz.html;;38.8302546;-7.5661734;OpenStreetMap
"Pedreira Casqueira";43994;Pedreiros;"";;;;;https://mti-minas-portugal.blogspot.pt/2014/04/canteras-de-marmol-de-estremoz.html;;38.8289612;-7.5566689;OpenStreetMap
"Pedreira Mariadona";43994;Pedreiros;"";;;;;https://mti-minas-portugal.blogspot.pt/2014/04/canteras-de-marmol-de-estremoz.html;;38.8244740;-7.5453883;OpenStreetMap
"Pedreira Poco Bravo - PB 1";43994;Pedreiros;"";;;;;https://mti-minas-portugal.blogspot.pt/2014/04/canteras-de-marmol-de-estremoz.html;;38.7814411;-7.4732848;OpenStreetMap
"Pedreira Poco Bravo NÂº 3";43994;Pedreiros;"";;;;;https://mti-minas-portugal.blogspot.pt/2014/04/canteras-de-marmol-de-estremoz.html;;38.7802496;-7.4715370;OpenStreetMap
"Pedreira Poco Bravo NÂº 4";43994;Pedreiros;"";;;;;https://mti-minas-portugal.blogspot.pt/2014/04/canteras-de-marmol-de-estremoz.html;;38.7775899;-7.4736771;OpenStreetMap
"Pedreira Mouro MCM";43994;Pedreiros;"";;;;;https://mti-minas-portugal.blogspot.pt/2014/04/canteras-de-marmol-de-estremoz.html;;38.7751077;-7.4630724;OpenStreetMap
"Pedreira TapadÃ£o NÂº 3";43994;Pedreiros;"";;;;;https://mti-minas-portugal.blogspot.pt/2014/04/canteras-de-marmol-de-estremoz.html;;38.7726651;-7.4662352;OpenStreetMap
"Pedreira Herdade do Mouro 3-5";43994;Pedreiros;"";;;;;https://mti-minas-portugal.blogspot.pt/2014/04/canteras-de-marmol-de-estremoz.html;;38.7715444;-7.4664803;OpenStreetMap
"Pedreira Herdade do Mouro IJ";43994;Pedreiros;"";;;;;https://mti-minas-portugal.blogspot.pt/2014/04/canteras-de-marmol-de-estremoz.html;;38.7726099;-7.4620917;OpenStreetMap
"Pedreira Herdade do Mouro (Courela C)";43994;Pedreiros;"";;;;;https://mti-minas-portugal.blogspot.pt/2014/04/canteras-de-marmol-de-estremoz.html;;38.7711024;-7.4652491;OpenStreetMap
"Pedreira Vigaria NÂº 4";43994;Pedreiros;"";;;;;https://mti-minas-portugal.blogspot.pt/2014/04/canteras-de-marmol-de-estremoz.html;;38.7693901;-7.4610970;OpenStreetMap
"Pedreira Olival da Cepa Santo AndrÃ©";43994;Pedreiros;"";;;;;https://mti-minas-portugal.blogspot.pt/2014/04/canteras-de-marmol-de-estremoz.html;;38.7675090;-7.4475868;OpenStreetMap
"Pedreira Herdade de Virgaria NÂº 2";43994;Pedreiros;"";;;;;https://mti-minas-portugal.blogspot.pt/2014/04/canteras-de-marmol-de-estremoz.html;;38.7647670;-7.4480705;OpenStreetMap
"Pedreira Cabanas";43994;Pedreiros;"";;;;;https://mti-minas-portugal.blogspot.pt/2014/04/canteras-de-marmol-de-estremoz.html;;38.7637372;-7.4464650;OpenStreetMap
"Pedreira Monte das Cabanas";43994;Pedreiros;"";;;;;https://mti-minas-portugal.blogspot.pt/2014/04/canteras-de-marmol-de-estremoz.html;;38.7658861;-7.4481748;OpenStreetMap
"Pedreira Toca do Lagarto (Cagadinhas)";43994;Pedreiros;"";;;;;https://mti-minas-portugal.blogspot.pt/2014/04/canteras-de-marmol-de-estremoz.html;;38.7612111;-7.4389775;OpenStreetMap
"Pedreira Calcadinha NÂº 2";43994;Pedreiros;"";;;;;https://mti-minas-portugal.blogspot.pt/2014/04/canteras-de-marmol-de-estremoz.html;;38.7624789;-7.4397219;OpenStreetMap
"Pedreira Olival as Cagadinhas";43994;Pedreiros;"";;;;;https://mti-minas-portugal.blogspot.pt/2014/04/canteras-de-marmol-de-estremoz.html;;38.7590813;-7.4382557;OpenStreetMap
"Pedreira Del Rey";43994;Pedreiros;"";;;;;https://mti-minas-portugal.blogspot.pt/2014/04/canteras-de-marmol-de-estremoz.html;;38.7579372;-7.4510764;OpenStreetMap
"Pedreira Carambo";43994;Pedreiros;"";;;;;https://mti-minas-portugal.blogspot.pt/2014/04/canteras-de-marmol-de-estremoz.html;;38.7145601;-7.4089921;OpenStreetMap
"Pedreira Nora";43994;Pedreiros;"";;;;;https://mti-minas-portugal.blogspot.pt/2014/04/canteras-de-marmol-de-estremoz.html;;38.7513109;-7.3992907;OpenStreetMap
"Pedreira Vieiras PG1";43994;Pedreiros;"";;;;;https://mti-minas-portugal.blogspot.pt/2014/04/canteras-de-marmol-de-estremoz.html;;38.7420996;-7.3959695;OpenStreetMap
"Pedreira SÃ£o Marcos ABV";43994;Pedreiros;"";;;;;https://mti-minas-portugal.blogspot.pt/2014/04/canteras-de-marmol-de-estremoz.html;;38.7398698;-7.3973050;OpenStreetMap
"Pedreira Olival a SÃ£o Marcos - P6";43994;Pedreiros;"";;;;;https://mti-minas-portugal.blogspot.pt/2014/04/canteras-de-marmol-de-estremoz.html;;38.7396960;-7.3986323;OpenStreetMap
"Pedreira Amoet-Pardais";43994;Pedreiros;"";;;;;https://mti-minas-portugal.blogspot.pt/2014/04/canteras-de-marmol-de-estremoz.html;;38.7385218;-7.3972579;OpenStreetMap
"Pedreira SÃ£o Marcos NÂº 9";43994;Pedreiros;"";;;;;https://mti-minas-portugal.blogspot.pt/2014/04/canteras-de-marmol-de-estremoz.html;;38.7382337;-7.3963514;OpenStreetMap
"Pedreira Ponte da Moura";43994;Pedreiros;"";;;;;https://mti-minas-portugal.blogspot.pt/2014/04/canteras-de-marmol-de-estremoz.html;;38.7359564;-7.3948940;OpenStreetMap
"Pedreira Ponte da Moura NÂº 3";43994;Pedreiros;"";;;;;https://mti-minas-portugal.blogspot.pt/2014/04/canteras-de-marmol-de-estremoz.html;;38.7321319;-7.3955374;OpenStreetMap
"Pedreira SÃ£o Marcos NÂº 8";43994;Pedreiros;"";;;;;https://mti-minas-portugal.blogspot.pt/2014/04/canteras-de-marmol-de-estremoz.html;;38.7353076;-7.3990363;OpenStreetMap
"Pedreira Lagar";43994;Pedreiros;"";;;;;https://mti-minas-portugal.blogspot.pt/2014/04/canteras-de-marmol-de-estremoz.html;;38.7351214;-7.4008873;OpenStreetMap
"Pedreira Sesmo do Lagar - Pedreira D";43994;Pedreiros;"";;;;;https://mti-minas-portugal.blogspot.pt/2014/04/canteras-de-marmol-de-estremoz.html;;38.7370841;-7.4017525;OpenStreetMap
"Pedreira Olival da Torre NÂº 2";43994;Pedreiros;"";;;;;https://mti-minas-portugal.blogspot.pt/2014/04/canteras-de-marmol-de-estremoz.html;;38.7400491;-7.4033207;OpenStreetMap
"Pedreira Herdade da Lagoa - BOL";43994;Pedreiros;"";;;;;https://mti-minas-portugal.blogspot.pt/2014/04/canteras-de-marmol-de-estremoz.html;;38.7398451;-7.4122929;OpenStreetMap
"Pedreira Herdade da Lagoa - MBL";43994;Pedreiros;"";;;;;https://mti-minas-portugal.blogspot.pt/2014/04/canteras-de-marmol-de-estremoz.html;;38.7430553;-7.4110996;OpenStreetMap
"Pedreira Herdade da Lagoa - VL";43994;Pedreiros;"";;;;;https://mti-minas-portugal.blogspot.pt/2014/04/canteras-de-marmol-de-estremoz.html;;38.7438743;-7.4111425;OpenStreetMap
"Pedreira Herdade da Lagoa - GLL-P5";43994;Pedreiros;"";;;;;https://mti-minas-portugal.blogspot.pt/2014/04/canteras-de-marmol-de-estremoz.html;;38.7438294;-7.4138389;OpenStreetMap
"Pedreira Lagoa NÂº 2";43994;Pedreiros;"";;;;;https://mti-minas-portugal.blogspot.pt/2014/04/canteras-de-marmol-de-estremoz.html;;38.7462769;-7.4191498;OpenStreetMap
"Pedreira Ao Guerra";43994;Pedreiros;"";;;;;https://mti-minas-portugal.blogspot.pt/2014/04/canteras-de-marmol-de-estremoz.html;;38.7443930;-7.4162812;OpenStreetMap
"Pedreira Herdade da Lagoa HSB - P1";43994;Pedreiros;"";;;;;https://mti-minas-portugal.blogspot.pt/2014/04/canteras-de-marmol-de-estremoz.html;;38.7433884;-7.4179647;OpenStreetMap
"Vidraria Maia";41200;Construcao Geral;"";;;;;;;40.6642298;-8.6205531;OpenStreetMap
"Vidraria Lebre";41200;Construcao Geral;"";;;;;;;41.1166425;-8.6075881;OpenStreetMap
"JosÃ© Torres";43321;Carpinteiros;"Rua Cavaleiro de Oliveira";;Lisboa;;;;;38.7321208;-9.1326213;OpenStreetMap
"Semente Carpintaria";43321;Carpinteiros;"Rua da Portelinha";4835-612;Selho (SÃ£o Jorge);;;;;41.4376145;-8.3696501;OpenStreetMap
"JG instalaÃ§Ãµes elÃ©ctricas";43211;Eletricistas;"";;;;;;;41.7901502;-6.7792320;OpenStreetMap
"FFiterm";43222;Climatizacao AVAC;"Rua Pocinho das Nascentes";2870-307;Montijo;;+351 218 043 953;;ffiterm.geral@gmail.com;38.7062755;-8.9643188;OpenStreetMap
"Frimor";43222;Climatizacao AVAC;"Rua JosÃ© Joaquim Marques";2870-348;Montijo;;;;;38.7042589;-8.9720226;OpenStreetMap
"Caiado";43211;Eletricistas;"";;;;;;;39.5549244;-8.9798752;OpenStreetMap
"Carpintaria Achadense";43321;Carpinteiros;"Rua do Ramal";9630;Achada;;+351 296 452560;;achadense@sapo.pt;37.8481450;-25.2642553;OpenStreetMap
"Carpintaria, Marcenaria e restauros";43321;Carpinteiros;"";;;;;;;41.8763344;-8.8362823;OpenStreetMap
"Carpinteiro AnÃ­bal Cabral Teixeira";43321;Carpinteiros;"Estrada Regional";9630-103;Lomba da Fazenda;;+351 296 486141;;;37.8421958;-25.1552532;OpenStreetMap
"Serragem - JosÃ© Medeiros Barbosa";43321;Carpinteiros;"Caminho do CalÃ§o - Assomada";9630-070;SÃ£o Pedro de Nordestinho;;+351 298 486260;;;37.8524585;-25.1772070;OpenStreetMap
"Carpintaria LuÃ­s Miguel Aguiar Cabral";43321;Carpinteiros;"Rua CapitÃ£o Machado";9630-182;Nordeste;;+351 917696986;;;37.8350556;-25.1468143;OpenStreetMap
"Carpintaria da CMN";43321;Carpinteiros;"Rua do Parque das MÃ¡quinas";9630-179;Nordeste;;;;;37.8355399;-25.1451172;OpenStreetMap
"Cabine";43211;Eletricistas;"";;;;;;;38.6666549;-8.9855613;OpenStreetMap
"PeÃ§as e mobÃ­lia em madeira";43321;Carpinteiros;"";;;;;;;38.7515515;-9.4419718;OpenStreetMap
"Andiseri";43310;Estucadores;"";;;;;;;38.7086620;-9.3548349;OpenStreetMap
"Lions carpintaria";43321;Carpinteiros;"Rua de SÃ£o Francisco";;Alcabideche;;;;;38.7407239;-9.3859880;OpenStreetMap
"Eberlux";43221;Picheleiros;"Rua Cooperativa A Sacavenense";2685;SacavÃ©m;;;;;38.7898444;-9.1073595;OpenStreetMap
"Carlos Manta CanalizaÃ§Ã£o";43221;Picheleiros;"CalÃ§ada Nobre";;Alcabideche;;;;;38.7162043;-9.4081319;OpenStreetMap
"M.Mota carpintaria e construÃ§Ã£o";43321;Carpinteiros;"Rua Fonte da Carreira";;Alcabideche;;;;;38.7397792;-9.3781620;OpenStreetMap
"Vidraria Central";41200;Construcao Geral;"Avenida da Praia";;Esmoriz;;;;;40.9552164;-8.6302100;OpenStreetMap
"MTL Madeiras Tratadas";43321;Carpinteiros;"";;;;;;;38.2087121;-8.5613992;OpenStreetMap
"2rf";43291;Isolamento;"";;;;;;;40.6824388;-7.9218176;OpenStreetMap
"Viking";81300;Paisagismo e Jardins;"";;;;;;;40.6586035;-7.9171463;OpenStreetMap
"Vismec";43222;Climatizacao AVAC;"";;;;;;;40.6630019;-7.9157859;OpenStreetMap
"Electro RÃ¡pida de Chaves de Fernando Redondo Rodrigues & Filhos";43211;Eletricistas;"Avenida da Raposeira";5400-482;Chaves;;+351 276 333204;;;41.7425526;-7.4772710;OpenStreetMap
"FGS PIX";43221;Picheleiros;"Avenida Visconde de Tondela";3460-526;Tondela;;+351 232 823 195;http://www.fgspix.pt;fgspix@gmail.com;40.5169404;-8.0819148;OpenStreetMap
"Anti TensÃ£o";43211;Eletricistas;"";;;;;;;40.7498431;-8.4643860;OpenStreetMap
"J. L. Oliveira carpintaria";43321;Carpinteiros;"";;;;;;;40.6069199;-8.7143536;OpenStreetMap
"Urze";81300;Paisagismo e Jardins;"";;;;;;;40.6755129;-7.8851202;OpenStreetMap
"ClimoflÃ¡via";43222;Climatizacao AVAC;"Avenida dos IrmÃ£os Rui e Garcia Lopes";5400-310;Chaves;;+351 276 318935;;climoflavia@hotmail.com;41.7483198;-7.4670626;OpenStreetMap
"TÃ©rmika - OctÃ¡vio Morais";43222;Climatizacao AVAC;"Avenida de Nuno Ãlvares";5400-419;Chaves;;+351 276 301860;;octaviomoraislda@sapo.pt;41.7458390;-7.4713200;OpenStreetMap
"ONDAZUL";43222;Climatizacao AVAC;"Avenida 5 de Outubro";5400-017;Chaves;;+351 276 098189;https://ondaazul.pt/;ondazul@ondaazul.pt;41.7498324;-7.4638758;OpenStreetMap
"NCCV";43321;Carpinteiros;"Rua GraÃ§a Pina de Morais";;;;;;;38.6100726;-9.1924397;OpenStreetMap
"Vidreira Ideal do Laranjeiro";41200;Construcao Geral;"Rua Diogo Gouveia";;;;;;;38.6549111;-9.1556749;OpenStreetMap
"TutiClima";43222;Climatizacao AVAC;"Rua Dom Carlos I";;;;;;;38.6596931;-9.1582461;OpenStreetMap
"Mega Energia- Projetos e InstalaÃ§Ãµes";43211;Eletricistas;"Rua NatÃ¡lia Correia";;;;;;;38.6558520;-9.1749656;OpenStreetMap
"Elmi- eletricidade e manutenÃ§aÃµ industrial";43211;Eletricistas;"";;;;;;;38.6461919;-9.1700923;OpenStreetMap
"Intemperisol";43291;Isolamento;"Rua CapitÃ£o LeitÃ£o";;Almada;;2889935;;;38.6788120;-9.1611551;OpenStreetMap
"Fluitel";43221;Picheleiros;"Rua da AlembranÃ§a";;;;;;;38.6513967;-9.1652397;OpenStreetMap
"Electrificadora Central do FeijÃ³";43211;Eletricistas;"Rua Dom Francisco Almeida";;;;;;;38.6507222;-9.1599023;OpenStreetMap
"Eletricidade e GÃ¡s";43211;Eletricistas;"Rua Raul BrandÃ£o";;;;;;;38.6596535;-9.1662627;OpenStreetMap
"Vitor Fernando Vicente Teodosio";43211;Eletricistas;"Rua de Ary dos Santos";;;;;;;38.6575863;-9.1620072;OpenStreetMap
"Tranquilo & Requintado - Ar Condicionado e Energias RenovÃ¡veis";43222;Climatizacao AVAC;"Rua Alameda de Guerra Junqueiro";;;;;;;38.6602426;-9.1597986;OpenStreetMap
"Estofador";43321;Carpinteiros;"Rua da Bela Vista";;Caparica;;;;;38.6670760;-9.1830034;OpenStreetMap
"LC MÃ¡rmores";43994;Pedreiros;"";;;;;;;37.1527516;-7.8939616;OpenStreetMap
"Placodesign";43310;Estucadores;"";;;;;;placodesign@hotmail.com;37.1523339;-7.8908589;OpenStreetMap
"ServiPalma";43222;Climatizacao AVAC;"";;;;;;;37.1527074;-7.8888216;OpenStreetMap
"Disciplirigor";43222;Climatizacao AVAC;"";;;;+351 917 500 783;disciplirigor.com;geral@disciplirigor.com;37.1531126;-7.8956542;OpenStreetMap
"Kikaclima";43222;Climatizacao AVAC;"Rua do Sol";5400-517;Chaves;;+351 276 324521;;kikaclima2@sapo.pt;41.7381428;-7.4697564;OpenStreetMap
"EquipWare";43211;Eletricistas;"";;;;+351 244 025 441;https://www.equipware.pt/;geral@equipware.pt;39.7267370;-8.8088113;OpenStreetMap
"Simplux";43211;Eletricistas;"Rua de Santa Justa";;;;;;;41.5418293;-8.4262332;OpenStreetMap
"Alferpac";43211;Eletricistas;"";;;;;;;39.4132586;-8.9883613;OpenStreetMap
"Placa Comemorativa da InauguraÃ§Ã£o";43994;Pedreiros;"";;;;;;;40.5821703;-8.4464353;OpenStreetMap
"BrÃ¡sclima";43222;Climatizacao AVAC;"";;;;+351 967 485 986;;;37.1535668;-7.8883553;OpenStreetMap
"Vidraria Valente & Santos";41200;Construcao Geral;"";;;;;;;40.8464815;-8.6519105;OpenStreetMap
"Antiga Carpintaria";43321;Carpinteiros;"";;;;;;;38.0079430;-8.4045859;OpenStreetMap
"Radiadores Viseense";43222;Climatizacao AVAC;"";;;;;;;40.6522003;-7.9144659;OpenStreetMap
"ClÃ­nica do MÃ¡rmore";43994;Pedreiros;"";;;;;;;38.7103997;-9.1543652;OpenStreetMap
"Chaviarte Premium";43995;Serralharia;"";;;;;;;38.7095011;-9.1530242;OpenStreetMap
"Woodfinish";43321;Carpinteiros;"";;;;;;;37.0251606;-7.9396310;OpenStreetMap
"Solcelsius";43910;Telhados e Coberturas;"";;;;;;;40.1450710;-7.4992667;OpenStreetMap
"MÃ¡rio Salvado";43222;Climatizacao AVAC;"";;;;;;;40.1372142;-7.5048014;OpenStreetMap
"Aquecimentos Lobo";43222;Climatizacao AVAC;"Rua Marechal Teixeira Rebelo";5000-525;Vila Real;;;;;41.2958650;-7.7469604;OpenStreetMap
"FlÃ¡vio & Almeida";43994;Pedreiros;"";;;;;;;41.5932001;-8.2857846;OpenStreetMap
"Cristal Lapidadora";41200;Construcao Geral;"Largo da SÃ© Velha";;;;;;;40.2091019;-8.4273369;OpenStreetMap
"AquinergiaÂ®";43222;Climatizacao AVAC;"Rua Quinta da Casinha";3100-545;Pombal;;+351 236 207 811;;geral@aquinergia.com;39.9088328;-8.6332156;OpenStreetMap
"Pichelaria Nuno Madureira";43221;Picheleiros;"";;;;;;;41.1728194;-8.6639878;OpenStreetMap
"Electro Santos";43211;Eletricistas;"Rua Nadir Afonso";5400-416;Chaves;;+351 276 098 138;;;41.7482532;-7.4733693;OpenStreetMap
"Flaviquente";43222;Climatizacao AVAC;"Rua Nadir Afonso";5400-416;Chaves;;+351 276 342 919;;;41.7482226;-7.4737334;OpenStreetMap
"Vitrochaves";41200;Construcao Geral;"Zona Industrial da BÃ³beda";5400-764;SÃ£o Pedro de AgostÃ©m;;+351 276 340 150;https://www.vitrochaves.com;vitrochaves@vitrochaves.com;41.7062599;-7.5106609;OpenStreetMap
"O Marceneiro";43321;Carpinteiros;"";;;;+351 276 346 763;https://omarceneiro.pt/;;41.7151369;-7.4875234;OpenStreetMap
"FriFoz";43222;Climatizacao AVAC;"EN 247";;;;+351 262 709 130;;;39.2978625;-9.3160361;OpenStreetMap
"Carpinteiro";43321;Carpinteiros;"";;;;;;;41.0818702;-7.6070477;OpenStreetMap
"Carpintaria Madeisol";43321;Carpinteiros;"";;;;;;;38.7244403;-9.3305558;OpenStreetMap
"MÃ¡rmores Mota";43994;Pedreiros;"";;;;;;;38.8838853;-9.3352077;OpenStreetMap
"C.S.A. - Canalizador Santo Amaro";43221;Picheleiros;"Rua dos LusÃ­adas";;AlcÃ¢ntara;;;;;38.7047057;-9.1813901;OpenStreetMap
"Queiroz Pinturas, eletrica e canalizador";43211;Eletricistas;"";;;;;;;38.7021403;-9.2286859;OpenStreetMap
"Light Door Safe";43211;Eletricistas;"";;;;;;;38.8262995;-9.1014367;OpenStreetMap
"Carpintaria Sousa & Silva";43321;Carpinteiros;"Rua Vasco da Gama";;Braga;;+351 253 677 377;carpintariasousaesilva.com;;41.5656120;-8.3853392;OpenStreetMap
"RogÃ©rio's";43321;Carpinteiros;"";;;;;;;38.5154072;-28.3105629;OpenStreetMap
"ALM - Carpintaria";43321;Carpinteiros;"";;;;;;;40.3812437;-7.8524149;OpenStreetMap
"Vidrossintra";41200;Construcao Geral;"";;;;;;;38.7937030;-9.3812569;OpenStreetMap
"Martilectro - InstalaÃ§Ãµes ElÃ©ctricas";43211;Eletricistas;"";;;;;;;40.3525231;-7.8571013;OpenStreetMap
"Carpintel - Carpintaria e ConstruÃ§Ãµes";43321;Carpinteiros;"Rua de Campolide";1070-036;Lisboa;;;;;38.7282056;-9.1622937;OpenStreetMap
"Granitrans";43994;Pedreiros;"Rua do Alecrim";;;;;;;38.8825790;-9.2715730;OpenStreetMap
"SoltrÃ¡fego";43211;Eletricistas;"";;;;;;;41.1749692;-8.6828994;OpenStreetMap
"Marvisa - MÃ¡rmores Alentejanas";43994;Pedreiros;"";;;;;;;38.7421008;-7.4279816;OpenStreetMap
"Macolis";43222;Climatizacao AVAC;"Rua Pedro Nunes";;;;;https://www.macolis.pt/;;38.8166293;-9.1603636;OpenStreetMap
"EDP";43211;Eletricistas;"";;;;;;;41.1799752;-8.6883435;OpenStreetMap
"Man Tubos - Componentes HidrÃ¡ulicos";43221;Picheleiros;"";;;;;;;41.1791929;-8.6883334;OpenStreetMap
"Iberdrola";43211;Eletricistas;"";;;;;;;41.1801589;-8.6859058;OpenStreetMap
"Vidraria Fonseca";41200;Construcao Geral;"";;;;;;;41.1607395;-8.6438590;OpenStreetMap
"Fontes & Couto";43321;Carpinteiros;"";;;;+351 296582825;;;37.7164878;-25.4360683;OpenStreetMap
"Simas & Santos, Lda.";43321;Carpinteiros;"";9680-114;;;+351 296 583 549;https://carpintarias-simas-santos-lda.negocio.site/;;37.7231545;-25.4406269;OpenStreetMap
"Instalbouro";43211;Eletricistas;"Avenida dos Bombeiros VoluntÃ¡rios";;;;;;;41.7175641;-8.3121077;OpenStreetMap
"Vidreira Palvidro";41200;Construcao Geral;"Rua da Caravana";;;;+351214688435;;;38.7142302;-9.3590624;OpenStreetMap
"Invicta Marmorista - MÃ¡rmores e Granitos";43994;Pedreiros;"";;;;;;;41.3122460;-7.7272922;OpenStreetMap
"Arcape - ClimatizaÃ§Ã£o";43222;Climatizacao AVAC;"";;;;;;;41.2945463;-7.7278665;OpenStreetMap
"Carlos & JosÃ©";43222;Climatizacao AVAC;"Rua TrÃ¡s dos Soutos";5000-303;Vila Real;;;;;41.3079354;-7.7230594;OpenStreetMap
"Fator Solar";43291;Isolamento;"";;;;;;;42.0763066;-8.4839326;OpenStreetMap
"Termo Faial";43222;Climatizacao AVAC;"";;;;+351 292293921;;termofaial@sapo.pt;38.5272368;-28.6288816;OpenStreetMap
"Prazeres e Santos";43321;Carpinteiros;"";;;;+351 21 942 16 26;;;38.8109604;-9.1181957;OpenStreetMap
"BetÃ£o do MarÃ£o";43994;Pedreiros;"Zona Industrial de Constantim";5000-082;Vila Real;;+351 259 348 131;;betao_marao@martinscunha.pt;41.2732009;-7.7072132;OpenStreetMap
"Electrovila";43211;Eletricistas;"Rua da Levada";5000-061;Vila Real;;;;;41.3158860;-7.7295544;OpenStreetMap
"Casa Baltazar";43995;Serralharia;"Rua Visconde da Luz";3000-414;Coimbra;;+351 239 822 447;www.casabaltazar.pt;;40.2100903;-8.4289921;OpenStreetMap
"GoldClima";43222;Climatizacao AVAC;"";;;;;;;41.1549029;-8.5993237;OpenStreetMap
"Escultura";43994;Pedreiros;"";;;;;;;38.8679853;-9.1773257;OpenStreetMap
"Gasval";43222;Climatizacao AVAC;"";;;;;;;41.2742740;-7.7262681;OpenStreetMap
"TomÃ© & Coutinho Lda.";43221;Picheleiros;"";;;;;;;39.5042811;-9.0779475;OpenStreetMap
"Martinho M.S & Filhos, lda";43221;Picheleiros;"";;;;;;;41.2678650;-8.6027752;OpenStreetMap
"Fribila";43222;Climatizacao AVAC;"Rua da PromaÃ§a";5000-081;Vila Real;;+351 259 326 314;https://www.fribila.pt/;info@fribila.pt;41.2812893;-7.7039693;OpenStreetMap
"Euro vidro vidraria";41200;Construcao Geral;"";;;;;;;40.9545303;-8.5525902;OpenStreetMap
"Janelas Express";41200;Construcao Geral;"";;;;;;;38.7451696;-9.2204617;OpenStreetMap
"Electro - Guilhermino e Filhos, Lda.";43211;Eletricistas;"";;;;;;;41.2965379;-7.7555255;OpenStreetMap
"Francisco M. M. Fonseca";43221;Picheleiros;"";;;;+351 22 9015108;;;41.2120368;-8.6130104;OpenStreetMap
"Vidraria Fonseca";41200;Construcao Geral;"";;;;;;;41.1449304;-8.6145801;OpenStreetMap
"2Day reparaÃ§Ãµes";43211;Eletricistas;"Rua Engenheiro Francisco Bivar";8500-809;PortimÃ£o;;+351 913 032 729;https://2dayreparacoes.pt/;;37.1208340;-8.5391164;OpenStreetMap
"Casa Baltazar";43995;Serralharia;"Rua do Carmo";3000-098;Coimbra;;+351 239 842 210;www.casabaltazar.pt;;40.2116386;-8.4323595;OpenStreetMap
"ElectroGandra";43211;Eletricistas;"";;;;;;;38.5407779;-8.8707680;OpenStreetMap
"Riser Clima";43222;Climatizacao AVAC;"";;;;212556460;https://www.riserclima.pt/;;38.6299854;-9.1495356;OpenStreetMap
"Panga Panga";43321;Carpinteiros;"";;;;;;;41.6273020;-8.1994048;OpenStreetMap
"Vidros Nogueira";41200;Construcao Geral;"";;;;;;;39.9692979;-8.6308986;OpenStreetMap
"Joaquim Frango";43211;Eletricistas;"";;;;;;;38.4106797;-7.8385754;OpenStreetMap
"Rui Vidros";41200;Construcao Geral;"";;;;+351 21 275 1656;;;38.6708119;-9.1591582;OpenStreetMap
"Vidroplex, Lda.";41200;Construcao Geral;"Rua Ribeira de Machados";5000-471;Vila Real;;+351 259 322 094;;;41.2950863;-7.7604093;OpenStreetMap
"Serviruri";81300;Paisagismo e Jardins;"Rua Ribeira de Machados";5000-471;Vila Real;;+351 259 322 324;https://serviruri.pt/;geral@serviruri.pt;41.2938611;-7.7615629;OpenStreetMap
"Ponte Casinhas";43321;Carpinteiros;"";;;;;;;38.0604856;-8.6073358;OpenStreetMap
"Fusigreen Energia, Unipessoal, Lda";43211;Eletricistas;"Rua VictÃ³rio Zagalo Preto";;;;+351968814147;https://www.electricistasfusigreen.pt/;fusigreen.energia@gmail.com;38.6737024;-9.1573352;OpenStreetMap
"Forte & Gomes";81300;Paisagismo e Jardins;"Rua Brigadeiro Correia Cardoso";3000-086;Coimbra;;+351 239 723 662;www.fortegomes.com;;40.2173833;-8.3986993;OpenStreetMap
"JosÃ© Santos";43321;Carpinteiros;"";;;;;;;38.6352771;-9.1796878;OpenStreetMap
"Vidro ao Cubo";41200;Construcao Geral;"";;;;;;;40.9265887;-8.5579762;OpenStreetMap
"Jardins Serramar";81300;Paisagismo e Jardins;"";;;;+3519666190516;;;38.8334091;-9.4332936;OpenStreetMap
"Feira do vidro";41200;Construcao Geral;"";;;;;;;40.9481678;-8.5350183;OpenStreetMap
"Grupo LuÃ­s Oliveira - Energias";43222;Climatizacao AVAC;"";;;;+351 965 801 981;https://www.luisoliveiragrupo.com;geral.luisoliveira@gmail.com;38.4763763;-9.1045372;OpenStreetMap
"Silva & Cruz";43211;Eletricistas;"";;;;;;;41.3659392;-8.5690396;OpenStreetMap
"Vidreira Infante";41200;Construcao Geral;"";;;;;;;38.5391899;-8.8420934;OpenStreetMap
"Carpintaria de Artur Coelho";43321;Carpinteiros;"";;;;965 263 540;;;38.6728763;-9.1552035;OpenStreetMap
"Vidromor";41200;Construcao Geral;"Rua CÃ¢ndido dos Reis";7000-582;Ãvora;;;;;38.5736982;-7.9121005;OpenStreetMap
"Teresa Bravo Pintura";43341;Pintores;"Avenida Calouste Gulbenkian";3000-350;Coimbra;;+351 910 827 253;https://teresabravo.com/;;40.2148442;-8.4154154;OpenStreetMap
"Carpintaria MecÃ¢nica de Pinho & Matos, Lda.";43321;Carpinteiros;"Rua Doutor Benjamim de Brito";;Santa Maria da Feira;;;;;40.9146799;-8.5611431;OpenStreetMap
"M S P T MultiserviÃ§os";43221;Picheleiros;"";;;;+351 21 198 5855;;;38.7191769;-9.1649853;OpenStreetMap
"ClimaPorto";43222;Climatizacao AVAC;"";;;;;;;41.1504045;-8.6112670;OpenStreetMap
"Vidraria Leixonense";41200;Construcao Geral;"";;;;;;;41.1854473;-8.6947316;OpenStreetMap
"A Biseladora de Matosinhos";41200;Construcao Geral;"";;;;;;;41.1828579;-8.6915854;OpenStreetMap
"FM - Vitrais ArtÃ­sticos";41200;Construcao Geral;"";;;;;;;41.1524940;-8.6137826;OpenStreetMap
"Sousatec";43222;Climatizacao AVAC;"";;;;;;;41.2982966;-7.7507688;OpenStreetMap
"Casa do Lavrador";43222;Climatizacao AVAC;"Rua de Santo AntÃ³nio";5000-607;Vila Real;;;;;41.3038222;-7.7422963;OpenStreetMap
"Guri - instal. Tet Bt";43211;Eletricistas;"";;;;;;;41.3945349;-8.4411930;OpenStreetMap
"MÃ¡rmores e Granitos RogÃ©rio Macedo";43994;Pedreiros;"";;;;;;;41.2848974;-7.7011638;OpenStreetMap
"Alcobia & Fernandes Lda";43221;Picheleiros;"";;;;;;;38.7456999;-9.2163746;OpenStreetMap
"Ãlvaro OlivenÃ§a Lda";43211;Eletricistas;"";;;;;;;38.7438561;-9.2171487;OpenStreetMap
"Comfort Film - Produtos Solares, Lda";41200;Construcao Geral;"";;;;;;;38.7440301;-9.2181867;OpenStreetMap
"P.J. Martins - Eletro Canalizadora, Lda.";43221;Picheleiros;"Rua Cidade de Cabinda";1800-080;Lisboa;;21 854 9464;pjmartinslda@gmail.com;;38.7679085;-9.1104982;OpenStreetMap
"Autovidreira, LDA";41200;Construcao Geral;"";;;;;;;38.7103303;-9.1505446;OpenStreetMap
"MDM Manuel Domingos Melancia Lda";43211;Eletricistas;"Alameda dos Oceanos";1990-426;Lisboa;;218935050;https://www.mdmassist.com.pt/;;38.7810771;-9.0963248;OpenStreetMap
"EVAC";43222;Climatizacao AVAC;"Passeio das GarÃ§as";;Lisboa;;;;;38.7814145;-9.0950347;OpenStreetMap
"Fertav";43221;Picheleiros;"Rua Augusto Costa";;;;;;;38.7538814;-9.2045658;OpenStreetMap
"Vidraria SÃ£o Pedro";41200;Construcao Geral;"";;;;;;;41.2711710;-8.0853478;OpenStreetMap
"HouseArt - ReparaÃ§Ãµes e Pinturas";43341;Pintores;"Rua do Conselheiro Lopo Vaz";1800-142;Parque das NaÃ§Ãµes;;969508597;;;38.7693792;-9.1015179;OpenStreetMap
"Alonso Obras";43321;Carpinteiros;"Rua Actriz Virginia";;Lisboa;;;;;38.7411294;-9.1331686;OpenStreetMap
"TopServiÃ§os24";43221;Picheleiros;"Rua Francisco Sanches";1170-143;Lisboa;;;;;38.7299905;-9.1335946;OpenStreetMap
"Arcoviana lda";43222;Climatizacao AVAC;"Rua Sampaio Bruno";1350-284;Campo de Ourique;;926910644;;;38.7175665;-9.1694684;OpenStreetMap
"Carpintaria Capela";43321;Carpinteiros;"Zona Industrial de Constantim";5000-082;Vila Real;;;;;41.2730489;-7.7053649;OpenStreetMap
"Gamafer";43222;Climatizacao AVAC;"Zona Industrial de Constantim";5000-082;Vila Real;;+351 259 106 385;;geral@gamafer.pt;41.2798792;-7.7088754;OpenStreetMap
"L&M EspaÃ§os";43321;Carpinteiros;"Zona Industrial de Constantim";5000-082;Vila Real;;+351 259 309 140;;lm.espacos@hotmail.com;41.2795327;-7.7085937;OpenStreetMap
"Bramag Granitos";43994;Pedreiros;"Zona Industrial de Constantim";5000-082;Vila Real;;;;;41.2781304;-7.7075927;OpenStreetMap
"BetÃ£o Liz";43994;Pedreiros;"Zona Industrial de Constantim";5000-082;Vila Real;;+351 969 292 041;https://www.betaoliz.pt/;btz.vilareal@cimpor.com;41.2784050;-7.7089767;OpenStreetMap
"Mafergasa";43222;Climatizacao AVAC;"Zona Industrial de Constantim";5000-082;Vila Real;;+351 259 336 922;https://www.mafergasa.com/;mafergasa.lda@gmail.com;41.2794100;-7.7098373;OpenStreetMap
"Lage Real";43994;Pedreiros;"Zona Industrial de Constantim";5000-082;Vila Real;;;;;41.2803186;-7.7102837;OpenStreetMap
"Indogranitos";43994;Pedreiros;"Zona Industrial de Constantim";5000-082;Vila Real;;;;;41.2802878;-7.7108902;OpenStreetMap
"Manuel Marinho & Marinho";43994;Pedreiros;"Zona Industrial de Constantim";5000-082;Vila Real;;+351 259 336 879;https://manuelmmarinho.pt/;geral@manuelmmarinho.pt;41.2812018;-7.7092136;OpenStreetMap
"Dr. Clima";43222;Climatizacao AVAC;"Zona Industrial de Constantim";5000-082;Vila Real;;+351 259 320 030;https://www.drclima.pt/index.html;;41.2812613;-7.7097769;OpenStreetMap
"Granisilva";43994;Pedreiros;"Zona Industrial de Constantim";5000-082;Vila Real;;;;;41.2815162;-7.7106394;OpenStreetMap
"EssÃªncia da Ãgua";43221;Picheleiros;"";;;;;;;41.1817573;-8.6869381;OpenStreetMap
"UnibetÃ£o";43994;Pedreiros;"Zona Industrial de Constantim";5000-082;Vila Real;;+351 259 336 067;;;41.2740934;-7.7050245;OpenStreetMap
"Bragaampere 2";43211;Eletricistas;"";;;;;;;41.5569388;-8.4129567;OpenStreetMap
"Aquaconfort";43222;Climatizacao AVAC;"UrbanizaÃ§Ã£o Quinta da Levada";5000-419;Vila Real;;+351 259 356 307;https://www.aquaconfort.pt/;geral@aquaconfort.pt;41.3141782;-7.7326400;OpenStreetMap
"Solius";43222;Climatizacao AVAC;"";;;;+351 227 843 817;https://solius.pt/;info@solius.pt;41.3145636;-7.7317853;OpenStreetMap
"TecniLar";43222;Climatizacao AVAC;"";;;;;;;41.2967513;-7.7382386;OpenStreetMap
"Cimagom - AVAC e Equipamento Hoteleiro,";43222;Climatizacao AVAC;"";;;;;;;41.2831735;-7.7225469;OpenStreetMap
"Jr ClimatizaÃ§Ã£o";43222;Climatizacao AVAC;"";;;;;;;41.2985264;-7.7331662;OpenStreetMap
"Autovidreira";41200;Construcao Geral;"";;;;;;;38.7158397;-9.1652244;OpenStreetMap
"(sem nombre)";41200;Construcao Geral;"PraÃ§a Aniceto do RosÃ¡rio";;Penha de FranÃ§a;;;;;38.7289921;-9.1304853;OpenStreetMap
"MoodArt";43321;Carpinteiros;"";;;;;;;38.7602483;-9.1894659;OpenStreetMap
"Vidreira 1960";41200;Construcao Geral;"Rua do Grilo";1950-146;Lisboa;;;;;38.7305443;-9.1078332;OpenStreetMap
"Carpintaria e Marcenaria";43321;Carpinteiros;"";;;;;;;38.7751388;-9.1627712;OpenStreetMap
"Placo reform";43310;Estucadores;"Rua da Vila";3750-041;Aguada de Cima;;+351 919 467080;;celioa864@gmail.com;40.5209217;-8.4263764;OpenStreetMap
"MÃ¡rio Marques- RemodelaÃ§Ãµes";43321;Carpinteiros;"Rua SÃ£o Domingos de Benfica";1500-555;Lisboa;;+351 962 352 495;https://www.mmremodelacoes.com/;;38.7422488;-9.1743955;OpenStreetMap
"JosÃ© Lima e Silva";43211;Eletricistas;"";;;;;;;40.7345864;-8.3701688;OpenStreetMap
"Powersys";43211;Eletricistas;"";;;;+351 215946251;https://powersysbrazil.pt/;;38.6740700;-9.1587916;OpenStreetMap
"Jml & R, Lda";43211;Eletricistas;"";;;;;;;40.6664776;-8.3383009;OpenStreetMap
"Oficina Monstros";43321;Carpinteiros;"";;;;;;;38.7035212;-9.1946687;OpenStreetMap
"Frizimbra";43222;Climatizacao AVAC;"";;;;;;;38.4698093;-9.1000571;OpenStreetMap
"Do Pincel Ao MÃ³vel Lda";43321;Carpinteiros;"";;;;;;;37.1369999;-7.9086956;OpenStreetMap
"Limocos";43321;Carpinteiros;"";;;;+351 236 677 185;https://www.limocos.pt;;39.9178092;-8.4351823;OpenStreetMap
"Solius";43222;Climatizacao AVAC;"Rua Pedro Nunes";;;;;https://solius.pt/;;38.8166926;-9.1605122;OpenStreetMap
"Pontosolar";43211;Eletricistas;"Rua Doutor Manuel Ferreira da Silva";3860-210;BeduÃ­do e Veiros;;+351 961228369;pontosolar.com;;40.7655535;-8.5716144;OpenStreetMap
"Carpintaria Cruz Nova";43321;Carpinteiros;"";;;;+351 259 331 960;;cruznovacarpintaria@gmail.com;41.2688436;-7.7158509;OpenStreetMap
"Gascan";43222;Climatizacao AVAC;"";;;;;;;41.3076057;-7.7450408;OpenStreetMap
"Biselvidro";41200;Construcao Geral;"";;;;;;;39.1085143;-9.2872447;OpenStreetMap
"D acrÃ­licos";41200;Construcao Geral;"";;;;;;;41.1021270;-8.5774699;OpenStreetMap
"Vidrogaia";41200;Construcao Geral;"";;;;;;;41.0997111;-8.6188276;OpenStreetMap
"FribÃ©ria";43222;Climatizacao AVAC;"Rua da PromaÃ§a";5000-081;Vila Real;;;;;41.2813968;-7.7032398;OpenStreetMap
"Viveiros MourÃ£o";81300;Paisagismo e Jardins;"Travessa dos Lagoeiros";5000-185;Vila Real;;;;;41.3109818;-7.7572155;OpenStreetMap
"Bila D'CoraÃ§Ã£o";41200;Construcao Geral;"Rua Avelino Patena";5000-613;Vila Real;;;;;41.2978252;-7.7446990;OpenStreetMap
"Utopia de Cristal";41200;Construcao Geral;"Rua dos Combatentes da Grande Guerra";;SÃ£o JoÃ£o da Madeira;;;;;40.9009086;-8.4951454;OpenStreetMap
"Serralharia Manuel Correia";43321;Carpinteiros;"";;;;;;;41.0470406;-8.6254558;OpenStreetMap
"Vidrave";41200;Construcao Geral;"Avenida Narciso Ferreira";4765-202;Riba de Ave;;+351 252 982 623;;vidrave@gmail.com;41.3913156;-8.3973245;OpenStreetMap
"TopFrio";43222;Climatizacao AVAC;"";;;;;https://topfrio.pt/;;38.8434686;-9.1627251;OpenStreetMap
"Super-RÃ¡pido AtlÃ¢ntico Norte";43995;Serralharia;"Avenida Narciso Ferreira";4760-105;Vila Nova de Famalicao;;+351 919 362140;http://www.atlanticonortesosportas.com/;;41.4091113;-8.5185693;OpenStreetMap
"Stook";43321;Carpinteiros;"Avenida 1 de Dezembro";2715-109;PÃªro Pinheiro;;+351 210 495 840;https://stook.pt/;;38.8514360;-9.3223866;OpenStreetMap
"Zimper";43910;Telhados e Coberturas;"Avenida Marechal Humberto Delgado";4760-012;Vila Nova de Famalicao;;+351 252 311171;https://zimper.pt/;zimper@zimper.pt;41.4088993;-8.5168717;OpenStreetMap
"Pichelaria Moderna";43221;Picheleiros;"Rua JoÃ£o Faria dos GuimarÃ£es";4760-701;Vila Nova de FamalicÃ£o;;+351 252 322318;;;41.4060322;-8.5178184;OpenStreetMap
"Cepfil";43211;Eletricistas;"";;;;;;;41.3070963;-7.7431327;OpenStreetMap
"Electro SocopÃ¡";43211;Eletricistas;"Rua Santo CondestÃ¡vel";;;;;;;41.2277654;-8.6050905;OpenStreetMap
"Francisco Madureira Lda";43211;Eletricistas;"N210";4625-647;Vila Boa Do Bispo;;+351 255588202;;;41.1269576;-8.2143393;OpenStreetMap
"Esquadro Diligente";41200;Construcao Geral;"Avenida O SÃ©culo";2135-231;Samora Correia;;;;;38.9348666;-8.8727012;OpenStreetMap
"Videsp";41200;Construcao Geral;"";;;;;;;40.2081323;-8.4740450;OpenStreetMap
"Botachave";43995;Serralharia;"";;;;;;;40.1139151;-8.2451286;OpenStreetMap
"Blopa";43994;Pedreiros;"";;;;+351 254 929 217;;;41.2203361;-7.6745757;OpenStreetMap
"Granitos Morais";43994;Pedreiros;"Rua da Foiteira";5000-311;Vila Real;;;;;41.2790310;-7.8010887;OpenStreetMap
"Real Granito";43994;Pedreiros;"Rua do ChÃ£o das Eiras";5000-311;Vila Real;;+351 259 309 260;https://realgranito.pt/;realgranito@realgranito.pt;41.2743004;-7.7960345;OpenStreetMap
"Sosoares Caixilharias e Vidros";41200;Construcao Geral;"";;;;;;;40.6295995;-7.8696699;OpenStreetMap
"Carpintaria Sol Nascente";43321;Carpinteiros;"";;;;;;;41.1147776;-8.4000909;OpenStreetMap
"MOP";43994;Pedreiros;"";;;;;;;39.1555015;-8.7890852;OpenStreetMap
"Carpintaria";43321;Carpinteiros;"";;;;;;;39.7611805;-8.7513161;OpenStreetMap
"Carpintaria Parreiras";43321;Carpinteiros;"";;;;;;;39.8588140;-8.8381287;OpenStreetMap
"Ribeiro e Filhos";43321;Carpinteiros;"Rua do GorgulhÃ£o";;castelÃµes;;;;;41.4099099;-8.4228127;OpenStreetMap
"EDP";43211;Eletricistas;"";;;;;;;38.0113208;-7.8721055;OpenStreetMap
"Granitos GalrÃ£o";43994;Pedreiros;"";;;;;;;42.0677868;-8.5004143;OpenStreetMap
"Tito Fernando & Ca.";43321;Carpinteiros;"Rua do Seixidro";;;;;;;41.1093856;-8.4795708;OpenStreetMap
"Carpintaria";43321;Carpinteiros;"";2480-012;Alcaria Pms;;;;;39.5705304;-8.7968065;OpenStreetMap
"Esicop";43221;Picheleiros;"";;;;;;;39.7506334;-8.5849809;OpenStreetMap
"Vidraria Mil e Um";41200;Construcao Geral;"Rua Comandante Carvalho AraÃºjo";2670-356;Loures;;+351 21 9836784; +351 21 9838141; +351 21 9838143; +351 21 9838144;http://vidrariamileum.pt/;info@vidrariamileum.pt;38.8375161;-9.1694587;OpenStreetMap
"IndustrimÃ³veis - Showroom";43321;Carpinteiros;"";3650-200;Vila Nova de Paiva;;;https://www.industrimoveis.pt/;;40.8346828;-7.7372343;OpenStreetMap
"Carpintaria Miguel Batista - FÃ¡brica 2";43321;Carpinteiros;"";3650-200;Vila Nova de Paiva;;;https://www.carpintariambatista.pt/;;40.8342837;-7.7394378;OpenStreetMap
"M LuÃ­s & IrmÃ£os";43321;Carpinteiros;"";;;;;;;41.0280645;-8.3600601;OpenStreetMap
"Vidroviseu";41200;Construcao Geral;"";;;;;;;40.6294316;-7.8664338;OpenStreetMap
"Paulo Miranda";43211;Eletricistas;"";;;;;;;41.6213563;-8.7926199;OpenStreetMap
"Timberpor";43321;Carpinteiros;"Zona Industrial de Vale Zebras";3300-127;Arganil;;+351 235 203 035;https://www.timberpor.pt/;;40.2208033;-8.0626108;OpenStreetMap
"Posto de TransformaÃ§Ã£o";43211;Eletricistas;"";;;;;;;38.6499270;-9.1501942;OpenStreetMap
"Posto de TransformaÃ§Ã£o";43211;Eletricistas;"";;;;;;;38.6501681;-9.1503000;OpenStreetMap
"SulTÃªmpera";41200;Construcao Geral;"";;;;;;;37.1524215;-8.5475589;OpenStreetMap
"IrmÃ£os Oliveira";43321;Carpinteiros;"";;;;;;;40.2668393;-7.9912512;OpenStreetMap
"NÃ³voa & NÃ³voa";43994;Pedreiros;"";;;;;;;41.5312861;-8.7633007;OpenStreetMap
"Carpintaria SÃ©rgio Bigodinho";43321;Carpinteiros;"";;;;;;;37.1244118;-8.4037284;OpenStreetMap
"Graniarcos - Granitos dos Arcos";43994;Pedreiros;"";;;;;;;41.8178163;-8.4130450;OpenStreetMap
"Graniarcos - Granitos dos Arcos";43994;Pedreiros;"";;;;;;;41.8170835;-8.4141258;OpenStreetMap
"Carpintaria MÃ¡rio Jorge Brum";43321;Carpinteiros;"";;;;;;;37.7440921;-25.5853364;OpenStreetMap
"Carplic";43321;Carpinteiros;"Avenida Santiago de GaviÃ£o";4760-003;GaviÃ£o;;;;;41.4338260;-8.5085682;OpenStreetMap
"Jorge Talixa";43321;Carpinteiros;"";;;;;;;38.9615342;-9.0463942;OpenStreetMap
"Carpintaria Municipal";43321;Carpinteiros;"";;;;;;;37.1176527;-8.0441154;OpenStreetMap
"JosÃ© Manuel Eletricidade";43211;Eletricistas;"";;;;;;;41.3660794;-8.4154158;OpenStreetMap
"PavilÃ©ctrica";43211;Eletricistas;"";;;;;;;40.9005488;-7.9335243;OpenStreetMap
"IndustrimÃ³veis - FÃ¡brica";43321;Carpinteiros;"";3650-200;Vila Nova de Paiva;;;https://www.industrimoveis.pt/;;40.8352384;-7.7362689;OpenStreetMap
"Abel Martins Nogueira Filhos & C.";43321;Carpinteiros;"";;;;;;;38.7808928;-27.1425890;OpenStreetMap
"Vidrelvas - Industria e Comercio De Vidros e Espelhos, Lda.";41200;Construcao Geral;"";;;;;;;38.8897257;-7.1503771;OpenStreetMap
"Ribapedras";43994;Pedreiros;"";;;;+351 252 168281;https://ribapedras.pt/;;41.3508713;-8.5844265;OpenStreetMap
"AntÃ³nio Jacinto Silva";43994;Pedreiros;"Rua Bica da Mata";2630-082;ArranhÃ³;;+351 219 680 018;;;38.9586879;-9.1353063;OpenStreetMap
"Tramadel - TransformaÃ§Ã£o de Madeiras";43321;Carpinteiros;"";;;;;;;39.7109983;-8.6757136;OpenStreetMap
"Carpintaria Novais, Lda.";43321;Carpinteiros;"";;;;;;;41.3297206;-7.7544878;OpenStreetMap
"Carpintaria Ivo";43321;Carpinteiros;"";;;;;;pedrocorreiaktm@gmail.com;38.5857870;-28.6144968;OpenStreetMap
"Raimundo Ramos - Carpintaria e EletrodomÃ©sticos";43321;Carpinteiros;"Estrada da Adega";9350-039;CampanÃ¡rio;;+351 291 953 743;https://raimundoramos.pt/;;32.6793585;-17.0284369;OpenStreetMap
"Galo Branco Carpintaria";43321;Carpinteiros;"";;;;;;;38.5517736;-28.6501772;OpenStreetMap
"MadeiÃbidos - IndÃºstria Carpintaria e Marcenaria";43321;Carpinteiros;"";;;;;;;39.3465453;-9.1676713;OpenStreetMap
"Refriag";43211;Eletricistas;"Rua das Courelas";9900-361;Feteira;;+351 292292709;https://refriag.com/;refriag@gmail.com;38.5352396;-28.6572993;OpenStreetMap
"Carpintaria Faria e Faria";43321;Carpinteiros;"";;;;;;;41.3952842;-8.4319929;OpenStreetMap
"J Bernardo-carpintaria Civil Lda";43321;Carpinteiros;"";;;;;;;39.3153344;-8.4384406;OpenStreetMap
"MÃ¡rmores e Granitos RogÃ©rio Macedo, Lda.";43994;Pedreiros;"";;;;;;;41.2995151;-7.6860814;OpenStreetMap
"Martipereira";43321;Carpinteiros;"";;;;+351 292293660;;martipereira@sapo.pt;38.5317532;-28.6473820;OpenStreetMap
"Carpintaria Naval";43321;Carpinteiros;"Rua das Arribas do Mar";2520-297;Peniche;;;;;39.3536467;-9.3851340;OpenStreetMap
"FDuarte";43221;Picheleiros;"Rua da Igreja";;;;;;;41.2667235;-8.6093083;OpenStreetMap
"RAHP InstalaÃ§Ãµes HidrÃ¡ulicas";43221;Picheleiros;"";;;;;;;41.2343277;-8.6021876;OpenStreetMap
"Casa Baltazar";43995;Serralharia;"Avenida Mendes Silva";3030-193;Coimbra;;+351 239 404 500;www.casabaltazar.pt;;40.1941754;-8.4078016;OpenStreetMap
"Euro Fugas";43221;Picheleiros;"";;;;+351911831849;https://www.eurofugas.pt/;;41.5660554;-8.3692565;OpenStreetMap
"Perfil Urbano Architectura";71110;Arquitetura e Projetos;"";;;;;;;40.6245396;-8.6341562;OpenStreetMap
"FMS Group";71110;Arquitetura e Projetos;"";;;;;;;40.8403933;-8.4789997;OpenStreetMap
"SaiasiI Engenharia";71110;Arquitetura e Projetos;"";;;;;;;40.8392526;-8.4775669;OpenStreetMap
"Gabinete Arquitetura Engbm";71110;Arquitetura e Projetos;"";;;;;;;40.8396749;-8.4779216;OpenStreetMap
"Braga Macedo";71110;Arquitetura e Projetos;"Campo das Hortas";4700-421;;;;;;41.5498105;-8.4298330;OpenStreetMap
"Carla Sousa- projetos de engenharia Civil";71110;Arquitetura e Projetos;"";;;;;;;40.8505822;-8.3941579;OpenStreetMap
"Gabinete AÃ§Ã£o e ReaÃ§Ã£o";71110;Arquitetura e Projetos;"";;;;;;;40.8482714;-8.3960040;OpenStreetMap
"Gabinete de projectos â Arquitectura";71110;Arquitetura e Projetos;"";;;;;;;39.3373834;-8.9333644;OpenStreetMap
"Campos Costa Arquitectos";71110;Arquitetura e Projetos;"Rua dos Sapateiros";1100-579;Lisboa;;+351 213 420605;https://camposcosta.com/;;38.7101030;-9.1378006;OpenStreetMap
"Ideia Concreta";71110;Arquitetura e Projetos;"Avenida Miguel Dantas";;;;+351 251 826 490;;;42.0173609;-8.6391512;OpenStreetMap
"Liarc";71110;Arquitetura e Projetos;"";;;;;;;41.5433959;-8.4252426;OpenStreetMap
"M&M Engenharia Industrial";71120;Engenharia Civil;"Rua Albino JosÃ© Domingues";4470-034;Maia;;;;;41.2552476;-8.6378130;OpenStreetMap
"Camilo Moreira Projectos e ConstruÃ§Ã£o";71110;Arquitetura e Projetos;"Rua da VÃ¡rzea";4445-227;Alfena;;;;;41.2408534;-8.5262492;OpenStreetMap
"DCNC Arquitectura";71110;Arquitetura e Projetos;"Rua da EstaÃ§Ã£o";;Esmoriz;;;;;40.9620856;-8.6286671;OpenStreetMap
"JMB ArquitÃ©cnica";71110;Arquitetura e Projetos;"Av. dos Descobrimentos";3680-110;Oliveira de Frades;;;;;40.7322922;-8.1754906;OpenStreetMap
"Santos AraÃºjo";71110;Arquitetura e Projetos;"";;;;;;;37.7295357;-8.7760272;OpenStreetMap
"CAS studio";71110;Arquitetura e Projetos;"Rua Marcos Marreiros";1200-254;MisericÃ³rdia;;;;;38.7102632;-9.1502676;OpenStreetMap
"SMART-ENG";71120;Engenharia Civil;"";;;;;;;39.1607142;-8.7880963;OpenStreetMap
"Nexarq";71110;Arquitetura e Projetos;"Rua da Portelinha";4835-612;Selho (SÃ£o Jorge);;;;;41.4374902;-8.3697038;OpenStreetMap
"G/F Arquitectos";71110;Arquitetura e Projetos;"Rua BulhÃ£o Pato";2870-257;Montijo;;;;;38.7057438;-8.9722738;OpenStreetMap
"Casa Comigo";71110;Arquitetura e Projetos;"";;Porto;;;;;41.1624238;-8.6573379;OpenStreetMap
"Atelier Xavier Ãvila";71110;Arquitetura e Projetos;"";;;;;;;38.5339096;-28.5291768;OpenStreetMap
"Teresa Prego";71110;Arquitetura e Projetos;"";;;;;;;38.7066988;-9.4059714;OpenStreetMap
"Template - Atelier de Arquitetura e Design";71110;Arquitetura e Projetos;"PraÃ§a do Junqueiro";;Carcavelos;;;;;38.6837335;-9.3423523;OpenStreetMap
"Margarida Lacerda- Arquitetura e Design LDA";71110;Arquitetura e Projetos;"Avenida da Venezuela";;Cascais e Estoril;;;;;38.7058652;-9.4122147;OpenStreetMap
"CREM SUL construÃ§Ã£o civil,lda";71110;Arquitetura e Projetos;"Rua Candido dos Reis";;;;;;;38.6897138;-9.3356582;OpenStreetMap
"Personal Line";71110;Arquitetura e Projetos;"";;;;;;;38.7126047;-9.3637663;OpenStreetMap
"Felofil-Sociedade de Investimentos e ConstruÃ§Ãµes Lda.";71122;Topografia;"Rua Sport Grupo Sacavenense";2685;SacavÃ©m;;;;;38.7891361;-9.1055965;OpenStreetMap
"BAU arquitectos";71110;Arquitetura e Projetos;"";;;;;;bau@bau.com.pt;39.5510540;-8.9736132;OpenStreetMap
"Monthause";41200;Construcao Geral;"Rua do LameirÃ£o";4625-457;Sande;;;;;41.1027797;-8.1832327;OpenStreetMap
"TraÃ§o de Giz";71110;Arquitetura e Projetos;"";;;;;;;40.6613369;-7.9133415;OpenStreetMap
"Aquarela";71110;Arquitetura e Projetos;"";;;;;;;40.6618217;-7.9135270;OpenStreetMap
"Novarte";71110;Arquitetura e Projetos;"";;;;;;;40.6546489;-7.9134883;OpenStreetMap
"Bespoke Architects";71110;Arquitetura e Projetos;"Rua do Barranco Ed. Aurorasol";8400-508;Carvoeiro;;;https://bespokealgarve.com/;info@bespokealgarve.com;37.1004200;-8.4686902;OpenStreetMap
"JoÃ£o Rei Arquitecto";71110;Arquitetura e Projetos;"Rua TomÃ¡s Ribeiro";3460-616;Tondela;;+351 232 1082 578;https://www.joaoreiarquitecto.pt/;joaorei@joaoreiarquitecto.pt;40.5201359;-8.0775320;OpenStreetMap
"SÃ³nia Cruz â Arquitectura";71110;Arquitetura e Projetos;"Cais de SÃ£o Roque";3810-256;Aveiro;;+351 234 345 062;https://soniacruz-arquitectura.com/;geral@soniacruz-arquitectura.com;40.6498355;-8.6459725;OpenStreetMap
"Nuno DurÃ£o Arquitetos";71110;Arquitetura e Projetos;"";;;;;;;40.6593858;-7.9129223;OpenStreetMap
"Gabinete de projetos Renato Manuel I. S. Martins";71110;Arquitetura e Projetos;"";;;;+351 931 937 902;+351 968 111 209;+351 917 776 385;;;37.1517208;-7.8884528;OpenStreetMap
"MG - Sociedade de ConstruÃ§Ãµes";71110;Arquitetura e Projetos;"Rua Doutor AntÃ³nio Elvas";;;;;;;38.6561945;-9.1547687;OpenStreetMap
"a+espaÃ§o";71110;Arquitetura e Projetos;"Rua Helena FÃ©lix";;Charneca de Caparica;;;;;38.6255362;-9.2037593;OpenStreetMap
"PACHECOSANTOS- Arquitetos";71110;Arquitetura e Projetos;"Rua NatÃ¡lia Correia";;;;;;;38.6559269;-9.1749750;OpenStreetMap
"Arquitetura Arq.";71110;Arquitetura e Projetos;"Avenida Dom Afonso Henriques";;;;21 297 5619;;;38.5897365;-9.1776608;OpenStreetMap
"Bloco Moderno";71110;Arquitetura e Projetos;"Rua Infanta Dona Beatriz";;Cacilhas;;;;;38.6834077;-9.1525138;OpenStreetMap
"ConstruÃ§Ãµes NegrÃ£o";71110;Arquitetura e Projetos;"";;;;;;;37.1518432;-7.8883452;OpenStreetMap
"Beira Serra ConstruÃ§Ãµes";71110;Arquitetura e Projetos;"";;;;;;;37.1529556;-7.8888668;OpenStreetMap
"Martins Gago e Filhos";71110;Arquitetura e Projetos;"";;;;+351 289 845 284;;;37.1523954;-7.8884543;OpenStreetMap
"Nuno Brito Engenharia Civil";71110;Arquitetura e Projetos;"";;;;+351 289 843 987;engenhariacivil.weebly.com;engenhariacivil@live.com.pt;37.1530813;-7.8954728;OpenStreetMap
"Pedro Ferreira Architecture Studio";71110;Arquitetura e Projetos;"Rua de Cimo de Vila";;Porto;;;https://pfarchstudio.com/;;41.1444538;-8.6086632;OpenStreetMap
"Zona A";71110;Arquitetura e Projetos;"";;;;;;;37.1371288;-8.0176619;OpenStreetMap
"TEVILAR";71110;Arquitetura e Projetos;"";;;;;;;40.6548643;-7.9240211;OpenStreetMap
"Lola Cwikowski Studio";71110;Arquitetura e Projetos;"CalÃ§ada do Monte";1170-251;Lisboa;;+351963787268;https://lolacwikowski.com;info@lolacwikowski.com;38.7186648;-9.1319023;OpenStreetMap
"DF Projectos";71110;Arquitetura e Projetos;"";;;;;;;40.1733670;-8.6827883;OpenStreetMap
"Gabinete de Estudos e Projetos JCSB";71110;Arquitetura e Projetos;"Rua da Charnequinha";2490-604;OurÃ©m;;+351 936 111 869;;jcsbprojetos5@gmail.com;39.6561562;-8.5690483;OpenStreetMap
"HermÃ­nio Teixeira";71110;Arquitetura e Projetos;"";;;;;https://herminioteixeira.com/;teixeira@herminioteixeira.com;37.1587668;-7.8893410;OpenStreetMap
"BSC Projectos";71110;Arquitetura e Projetos;"Avenida da Liberdade";8150-101;;;;;;37.1572138;-7.8893235;OpenStreetMap
"Arquifeira - Arquitectura e Engenharia da Feira,";71110;Arquitetura e Projetos;"Rua da Ponte";;;;;;;40.9754617;-8.4845179;OpenStreetMap
"Joaquim Portela Arquitetos";71110;Arquitetura e Projetos;"Rua de Diogo Afonso";4150-253;Aldoar, Foz do Douro e Nevogilde;;;;;41.1499115;-8.6644658;OpenStreetMap
"Pedro Alexandre";71110;Arquitetura e Projetos;"";;;;;;;38.0058499;-8.4145438;OpenStreetMap
"Interfarus UrbanizaÃ§Ãµes e ContruÃ§Ãµes";71110;Arquitetura e Projetos;"";;;;;;;37.0144550;-7.9293019;OpenStreetMap
"MWP Engenharia";71110;Arquitetura e Projetos;"";;;;;;;37.0246146;-7.9402882;OpenStreetMap
"Spacelovers";71110;Arquitetura e Projetos;"CalÃ§ada da Tapada";1300-546;Lisboa;;+351 96 901 0330;https://spacelovers.pt;;38.7060136;-9.1800651;OpenStreetMap
"Ribeiro de Jesus Arquitecto";71110;Arquitetura e Projetos;"Rua do Jasmim";2500-179;Caldas da Rainha;;;https://ribeirojesus.com;;39.4070464;-9.1385107;OpenStreetMap
"BERD";71120;Engenharia Civil;"";;;;+351 229 399 520;https://www.berd.eu/;info@berd.eu;41.1755670;-8.6812778;OpenStreetMap
"Drone Zone";71120;Engenharia Civil;"Rua Francisco Lucas Pires";3030-489;Coimbra;;+351 239 721 190;;geral@dronezone.pt;40.2028046;-8.4018160;OpenStreetMap
"Amancio Mendes, ConstruÃ§Ãµes Imobiliara";71110;Arquitetura e Projetos;"PraÃ§a da JustiÃ§a";4715-125;Braga;;;;;41.5475026;-8.4123167;OpenStreetMap
"STONE-ConstruÃ§Ã£o & ReabilitaÃ§Ã£o";71110;Arquitetura e Projetos;"Rua Professor Oliveira Andrade";4470-634;Moreira;;+351 229 446 563;https://stone-cr.com/;;41.2354699;-8.6514748;OpenStreetMap
"ECOARQ - Tiago Neves";71110;Arquitetura e Projetos;"Avenida Alfredo da Silva";2830-302;Barreiro;;+351  210 865 313;;;38.6598617;-9.0803283;OpenStreetMap
"Adesenhar";71110;Arquitetura e Projetos;"";;;;+351 239 991 527;https://www.adesenhar.pt/;;40.1121251;-8.2459292;OpenStreetMap
"EngySP Engenharia de ConstruÃ§Ã£o";71110;Arquitetura e Projetos;"";;;;;;;40.0579382;-8.6263107;OpenStreetMap
"Atelier Ana Jesus, Arquitectura e Publicidade";71110;Arquitetura e Projetos;"";;;;;;;38.7257676;-9.3328206;OpenStreetMap
"GGArquitectura";71110;Arquitetura e Projetos;"";;;;;;;38.7258054;-9.3324556;OpenStreetMap
"KILK - Arquitectos";71110;Arquitetura e Projetos;"Rua LeitÃ£o de Barros";1500-384;Lisboa;;21 778 0681;https://www.klik-arquitectos.com;;38.7443599;-9.1747119;OpenStreetMap
"MÃ¡rio Pessegueiro - Gabinete de Arquitetura";71110;Arquitetura e Projetos;"Rua da Fonte da Cova";3700-116;SÃ£o JoÃ£o da Madeira;;;;;40.8875099;-8.4877244;OpenStreetMap
"Arquipeme";71110;Arquitetura e Projetos;"Rua da Ponte de Gove";;Gove;;+351 255 552 604;https://arquipeme-lda.webnode.pt/;;41.1303027;-8.0534892;OpenStreetMap
"EdgArt";71110;Arquitetura e Projetos;"";;;;;;;41.1771109;-8.6836277;OpenStreetMap
"Red Umbrella";71110;Arquitetura e Projetos;"";;;;;;;41.1770777;-8.6839798;OpenStreetMap
"FrÃ³is do Amaral - Arquitetura e Engenharia";71110;Arquitetura e Projetos;"";;;;;;;41.1774855;-8.6780888;OpenStreetMap
"RG";71110;Arquitetura e Projetos;"";;;;;;;41.1757266;-8.6813341;OpenStreetMap
"Jploureiro";71110;Arquitetura e Projetos;"";;;;;;;41.1757746;-8.6900301;OpenStreetMap
"ARQO - Arquitectos";71110;Arquitetura e Projetos;"PraÃ§a Dr Francisco SÃ¡ Carneiro";4620-695;Lousada;;;arqo.pt;;41.2779868;-8.2816507;OpenStreetMap
"Hugo Pedra - Arquitecto";71110;Arquitetura e Projetos;"";;;;;;;41.2764127;-8.3689640;OpenStreetMap
"Medical Design";71110;Arquitetura e Projetos;"";;;;;;;41.1797124;-8.6864497;OpenStreetMap
"BMC - Arquitectura e Engenharia";71110;Arquitetura e Projetos;"";;;;;;;41.1788735;-8.6852174;OpenStreetMap
"Filipa Rocha Arquitetura";71110;Arquitetura e Projetos;"Rua Avelar Brotero";3030-317;Coimbra;;+351 913 422 546;;;40.2042809;-8.4101125;OpenStreetMap
"Real Projectos";71110;Arquitetura e Projetos;"Rua Olival do Seixo";5000-667;Vila Real;;;;;41.3011100;-7.7485876;OpenStreetMap
"Enponto Porto";71110;Arquitetura e Projetos;"";;;;;;;41.1633054;-8.6681995;OpenStreetMap
"CenÃ¡rio Eterno";71110;Arquitetura e Projetos;"";;;;;;;41.1624232;-8.6577786;OpenStreetMap
"Atria Center Porto - Consulting";71110;Arquitetura e Projetos;"";;;;;;;41.1617711;-8.6543117;OpenStreetMap
"MH Project";71110;Arquitetura e Projetos;"";;;;;;;41.2996362;-7.7324228;OpenStreetMap
"Formas & Conceitos";71110;Arquitetura e Projetos;"";;;;;;;41.3026480;-7.7489495;OpenStreetMap
"Dual Projectos";71110;Arquitetura e Projetos;"";;;;;;;41.3001791;-7.7232083;OpenStreetMap
"GabicÃ¡lculo";71110;Arquitetura e Projetos;"";;;;;;;41.3049062;-7.7389530;OpenStreetMap
"EspaÃ§o 38";71110;Arquitetura e Projetos;"";;;;;;;41.2984036;-7.7474792;OpenStreetMap
"ECO 7";41200;Construcao Geral;"";;;;;https://www.eco7.pt/;;39.7656594;-8.8235062;OpenStreetMap
"Arqueuro - Gabinete de Arquitectura e Engenharia";71110;Arquitetura e Projetos;"Rua JosÃ© Gomes de Matos";;;;;;;41.4044971;-8.5191240;OpenStreetMap
"Rede Ambiente - Matosinhos";71120;Engenharia Civil;"Rua da Pinguela";4460-792;CustÃ³ias;;+351 220 990 997;https://www.redeambiente.pt/;geral@redeambiente.pt;41.2200325;-8.6578830;OpenStreetMap
"Aires Mateus Arquitetos";71110;Arquitetura e Projetos;"Rua de Campolide";;;;;;;38.7280365;-9.1622862;OpenStreetMap
"Fragmentos de Arquitetura";71110;Arquitetura e Projetos;"";;;;;;;38.7245279;-9.1470028;OpenStreetMap
"DARQ 2";71110;Arquitetura e Projetos;"";;;;;;;38.7221598;-9.1515048;OpenStreetMap
"Living Box-Arquitetura e Design";71110;Arquitetura e Projetos;"Travessa da FÃ¡brica dos Pentes";;;;;;;38.7224979;-9.1558736;OpenStreetMap
"Savills aguirre newman arquitctura";71110;Arquitetura e Projetos;"";;;;;;;38.7250395;-9.1489007;OpenStreetMap
"Atelier Data";71110;Arquitetura e Projetos;"Rua Braamcamp";;Lisboa;;;;;38.7215419;-9.1525772;OpenStreetMap
"EQS Global";71120;Engenharia Civil;"";;;;;;;38.5404832;-8.8697393;OpenStreetMap
"MiljÃ´ Design Concept";71110;Arquitetura e Projetos;"";;;;;;;40.6451797;-7.9098602;OpenStreetMap
"Homequick";71110;Arquitetura e Projetos;"";;;;;;;40.6472487;-7.9107609;OpenStreetMap
"Ãrea branca";71110;Arquitetura e Projetos;"Rua Domitilia de Carvalho";;;;;;;40.9221191;-8.5611400;OpenStreetMap
"Pipiar";71110;Arquitetura e Projetos;"";;;;;;;40.6451270;-7.9091192;OpenStreetMap
"AlignTec Topografia";71122;Topografia;"Rua Borges Carneiro";;;;;https://www.facebook.com/AlignTecTopografia/;;38.4815982;-9.1004958;OpenStreetMap
"TRM Engenharia ManutenÃ§Ã£o";71120;Engenharia Civil;"Estrada de Coselhas";3000-125;Coimbra;;;https://trm.pt/;;40.2192838;-8.4335265;OpenStreetMap
"Sonimat";71110;Arquitetura e Projetos;"";;;;;;;38.0875234;-8.6391006;OpenStreetMap
"Arquix";71110;Arquitetura e Projetos;"Rua Carlos Alberto Pinto de Abreu";;;;+351 965 792 975;;;40.2023948;-8.4354339;OpenStreetMap
"RH+ Arquitectos";71110;Arquitetura e Projetos;"Rua 5 de outubro";9000-216;Funchal;;;https://www.rhmaisarquitectos.pt/;;32.6518541;-16.9097765;OpenStreetMap
"In Creation";71110;Arquitetura e Projetos;"Rua General Humberto Delgado";;;;+351 915 765 777; +351 239 191 776;;;40.2040334;-8.4134966;OpenStreetMap
"Branco del Rio";71110;Arquitetura e Projetos;"Rua dos Combatentes da Grande Guerra";3030-181;Coimbra;;+351 239 130 519;https://www.branco-delrio.com/;;40.2034651;-8.4156668;OpenStreetMap
"Vitorvilhena";71110;Arquitetura e Projetos;"";;;;+351 282 799 896;https://www.vitorvilhena.com;;37.1119878;-8.6755215;OpenStreetMap
"Gabitec";71120;Engenharia Civil;"";;;;;;;40.9244514;-8.5464758;OpenStreetMap
"NÃR - Arquitetura e Interiores";71110;Arquitetura e Projetos;"";;;;+351 227 131 564;https://nyr.pt/;;41.1082532;-8.6084620;OpenStreetMap
"ConstruÃ§Ãµes AntÃ³nio VirgÃ­lio Teixeira";71120;Engenharia Civil;"Rua Doutor Henrique Veiga Macedo";;;;;;;40.9270801;-8.5536418;OpenStreetMap
"Cobe";71110;Arquitetura e Projetos;"";;;;;;;41.1857474;-8.6926860;OpenStreetMap
"Oval Projetos";71110;Arquitetura e Projetos;"";;;;;;;41.1824906;-8.6876718;OpenStreetMap
"Leme - Arquitetura e ConstruÃ§Ã£o";71110;Arquitetura e Projetos;"";;;;;;;41.2988175;-7.7422164;OpenStreetMap
"Bruno Cardoso";71110;Arquitetura e Projetos;"Rua CÃ¢ndido dos Reis";5000-638;Vila Real;;;;;41.2984052;-7.7430068;OpenStreetMap
"Cirurgias Urbanas";71110;Arquitetura e Projetos;"";;;;;;;41.1493080;-8.6209022;OpenStreetMap
"Ãlvio AraÃºjo";71110;Arquitetura e Projetos;"Rua do Visconde";;;;+351 928 141 183;https://elvioaraujo.com/;info@elvioaraujo.com;32.6708687;-17.0644092;OpenStreetMap
"Prospectiva";71120;Engenharia Civil;"";;;;+351 21 771 1970;https://prospectiva.pt/;sede@prospectiva.pt;32.6760377;-16.9803415;OpenStreetMap
"ms&br";71110;Arquitetura e Projetos;"";;;;;;;41.2957671;-7.7453613;OpenStreetMap
"tela";71110;Arquitetura e Projetos;"";;;;;;;41.2976679;-7.7476136;OpenStreetMap
"Nesinocas";71110;Arquitetura e Projetos;"";;;;;;;41.3012640;-7.7428665;OpenStreetMap
"Bruno Camacho Lobo";71110;Arquitetura e Projetos;"";;;;+351 966 453 432;;;32.6798607;-17.0872826;OpenStreetMap
"Constante Projetos";71110;Arquitetura e Projetos;"";;;;;;;41.2977376;-7.7418691;OpenStreetMap
"Brava Plan";71120;Engenharia Civil;"";;;;;;;32.6783212;-17.0599931;OpenStreetMap
"Atelier Holcnerova";71110;Arquitetura e Projetos;"";;;;;;;38.7056864;-9.1852443;OpenStreetMap
"TraÃ§os Formosos - Construction Company";71120;Engenharia Civil;"Estrada Santo AntÃ³nio da Serra";9100-186;Santa Cruz;;+351 913 469 600;;grmadtetos@gmail.com;32.7021089;-16.7846428;OpenStreetMap
"ATELIER DO CHIADO - Arquitectos Lda.";71110;Arquitetura e Projetos;"Rua Garrett";1200-301;Lisboa;;213473775;https://www.atelierchiado.pt/;geral@atelierchiado.pt;38.7109293;-9.1403542;OpenStreetMap
"L'ÃlÃ©phant";71110;Arquitetura e Projetos;"Rua Ivens";1200-227;Lisboa;;213420042;https://lelephant.pt/;;38.7100701;-9.1403266;OpenStreetMap
"Saraiva + Associados";71110;Arquitetura e Projetos;"Avenida Infante Santo";1350-177;Lisboa;;+351 213 939 340;https://www.saraivaeassociados.com/;;38.7113078;-9.1650091;OpenStreetMap
"Hexaplano";71110;Arquitetura e Projetos;"Rua das GalÃ©s";;;;;;;38.7765498;-9.0959258;OpenStreetMap
"Evolution";71110;Arquitetura e Projetos;"";;;;;;;38.7759019;-9.0964428;OpenStreetMap
"Humberto Humberto";71110;Arquitetura e Projetos;"";;;;;https://humbertohumberto.pt/;;38.7195924;-9.1671752;OpenStreetMap
"Nuno Barcelos- Arquitetos Associados, Lda.";71110;Arquitetura e Projetos;"Avenida de Madrid";1000-196;Lisboa;;218494640;https://www.nbarq.net/;;38.7442724;-9.1372209;OpenStreetMap
"LaboTec";71120;Engenharia Civil;"Avenida do Rio de Janeiro";;;;;;;38.7559664;-9.1393558;OpenStreetMap
"Urban Obras";71110;Arquitetura e Projetos;"";;;;;;;38.7587902;-9.0944974;OpenStreetMap
"GV + Arquitectos";71110;Arquitetura e Projetos;"Rua Correia Teles";1350-092;Campo de Ourique;;933300789;https://www.gv-arquitectos.com;;38.7192926;-9.1693789;OpenStreetMap
"RS PATRIMÃNIO";71110;Arquitetura e Projetos;"";;;;;;;38.7600134;-9.0932460;OpenStreetMap
"archiplan";71110;Arquitetura e Projetos;"";;;;;;;38.7601579;-9.0930086;OpenStreetMap
"slefty";71120;Engenharia Civil;"";;;;;;;38.7591606;-9.0937075;OpenStreetMap
"Couteze - Construtora Unida de Tomar e ZÃªzere, Lda";71120;Engenharia Civil;"Travessa da MemÃ³ria";;Lisboa;;;;;38.7026140;-9.2008467;OpenStreetMap
"Colectivo ODD";71110;Arquitetura e Projetos;"Rua Gilberto Rola";1350-155;Estrela, Lisboa;;213426277;https://www.odd.pt/about/;;38.7049892;-9.1721166;OpenStreetMap
"JosÃ© AdriÃ£o Arquitetos";71110;Arquitetura e Projetos;"Rua Gilberto Rola";1350-019;Estrela, Lisboa;;;;;38.7053982;-9.1726092;OpenStreetMap
"Plantome";71110;Arquitetura e Projetos;"Estrada da Luz";;R. Roberto Duarte Silva;;21 134 8657;https://plantome.pt/loja.html;;38.7548123;-9.1754807;OpenStreetMap
"INOUTSIDE | arquitetura";71110;Arquitetura e Projetos;"Rua General Schiappa Monteiro";1600-160;Lisboa;;217265129;https://www.inoutside.com.au/;;38.7548901;-9.1746239;OpenStreetMap
"Arquitetura e Design de Interiores";71110;Arquitetura e Projetos;"Passeio dos JacarandÃ¡s";;Parque das NaÃ§Ãµes;;;;;38.7792152;-9.0944803;OpenStreetMap
"Atelier de Arquitetura GCCM";71110;Arquitetura e Projetos;"Rua da PÃ¡scoa";;Campo de Ourique;;;;;38.7188467;-9.1594980;OpenStreetMap
"Helena Morais Arquitetura e GestÃ£o de Projetos";71110;Arquitetura e Projetos;"Rua de Santo Amaro";;;;;;;38.7147835;-9.1551628;OpenStreetMap
"Pereira Miguel Arquitetos";71110;Arquitetura e Projetos;"Rua de Santo Amaro";;;;;;;38.7147336;-9.1553110;OpenStreetMap
"DING DONG Lisboa | Arquitetura e DecoraÃ§Ã£o de Interiores";71110;Arquitetura e Projetos;"Rua da Imprensa Ã  Estrela";1200-684;Lisboa;;213961079;https://dingdong.pt/;;38.7134629;-9.1558783;OpenStreetMap
"FCK";71120;Engenharia Civil;"";;;;;;;38.7568875;-9.0961459;OpenStreetMap
"Romano";71110;Arquitetura e Projetos;"";;;;;;;38.7564255;-9.0963452;OpenStreetMap
"Genesis";71110;Arquitetura e Projetos;"";;;;;;;38.7563969;-9.0972932;OpenStreetMap
"Cidades InvisÃ­veis II - Arquitetura e Design";71110;Arquitetura e Projetos;"";;;;;;;38.7173247;-9.1214673;OpenStreetMap
"Arquiset";71110;Arquitetura e Projetos;"";;;;;;;38.5266217;-8.8930334;OpenStreetMap
"Biarq";71110;Arquitetura e Projetos;"Rua da Feitoria dos Linhos";3040-252;Coimbra;;+351 239 932 578; +351 960 021 911;https://biarq.com/;;40.2017642;-8.4347172;OpenStreetMap
"Emporium Deluxe";71110;Arquitetura e Projetos;"Avenida da Anil";6200-502;CovilhÃ£;;+351275334294;https://www.emporiumdeluxe.pt/;;40.2727623;-7.4981873;OpenStreetMap
"Joana Sena Arquitetura de Interiores";71110;Arquitetura e Projetos;"Avenida da Anil";6200-502;CovilhÃ£;;+351916812435;https://www.joanasenainteriores.pt/;;40.2728104;-7.4982742;OpenStreetMap
"Bak Gordon Arquitectos";71110;Arquitetura e Projetos;"Rua do Alecrim";1200-014;Lisboa;;+351213471107;https://www.bakgordon.com/;bakgordon@bakgordon.com;38.7072682;-9.1435368;OpenStreetMap
"SoltrÃ¡fego, SA";71120;Engenharia Civil;"Rua do Progresso";4455-520;Perafita;;+351229399130;www.soltrafego.pt;;41.2166667;-8.6934018;OpenStreetMap
"ARX Portugal Arquitectos";71110;Arquitetura e Projetos;"Largo de Santos";1200-808;Lisboa;;+351213918110;https://www.arx.pt/;arxportugal@arx.pt;38.7073602;-9.1547543;OpenStreetMap
"Luis Dias Engenharia E ConstruÃ§Ã£o";71120;Engenharia Civil;"";;;;;;;38.4603858;-9.1036653;OpenStreetMap
"Alma - Engenharia e ConstruÃ§Ã£o";71120;Engenharia Civil;"PraÃ§a GonÃ§alo Trancoso";1700-200;Lisboa;;+351918135546;https://alma-engenharia.com/;geral@alma-engenharia.com;38.7467408;-9.1427530;OpenStreetMap
"Atelier Arquitetura E Video";71110;Arquitetura e Projetos;"Rua Doutor Manuel Arala";;;;+351 256 104 015;https://atelieravmais.com/;;40.8597140;-8.6260483;OpenStreetMap
"Vangor";71110;Arquitetura e Projetos;"";;;;;;;38.7479071;-9.2365231;OpenStreetMap
"Impact hub";71110;Arquitetura e Projetos;"";;;;;;;38.7306560;-9.1298133;OpenStreetMap
"Vintage Obras";71120;Engenharia Civil;"Rua ClÃ¡udio Nunes";;Lisboa - Benfica;;;;;38.7527666;-9.2010990;OpenStreetMap
"N M Architects";71110;Arquitetura e Projetos;"";;;;;;;38.7235491;-9.1513431;OpenStreetMap
"ARQUIFORUM";71110;Arquitetura e Projetos;"CalÃ§ada da Tapada";;;;;;;38.7059230;-9.1832145;OpenStreetMap
"ENGISALUS- Gabinete de Engenharia da SaÃºde, Lda";71120;Engenharia Civil;"";;;;;;;38.7612632;-9.1789500;OpenStreetMap
"A3A Arquitetos Associados";71110;Arquitetura e Projetos;"CalÃ§ada da Ajuda";1300-146;Lisboa;;;;;38.7035293;-9.1993833;OpenStreetMap
"HighPlan/Arquitetos";71110;Arquitetura e Projetos;"Rua Padre AmÃ©rico";;Carnide;;;;;38.7620536;-9.1798780;OpenStreetMap
"Azinheiro engenharia S.A";71120;Engenharia Civil;"Rua Doutor LuÃ­s Pereira da Costa";2425-617;Monte Redondo;;+351 91 4535695;https://www.grupoazinheiro.com/;jazinheiro@grupoazinheiro.com;39.8972460;-8.8288953;OpenStreetMap
"Plano Humano Arq";71110;Arquitetura e Projetos;"";;;;;;;38.7346909;-9.1562716;OpenStreetMap
"LÃ­dio de Sousa Arquitetos";71110;Arquitetura e Projetos;"";;;;+351 932 853 753;;;40.7576303;-7.6646035;OpenStreetMap
"MOT Studio";71110;Arquitetura e Projetos;"";;;;;;;38.7088832;-9.1498156;OpenStreetMap
"Guacamaia - Empreitadas de ConstruÃ§Ã£o Civil, Lda.";71120;Engenharia Civil;"";;;;;;;41.2258557;-8.6162569;OpenStreetMap
"J. S.";71120;Engenharia Civil;"";;;;;;;40.9673758;-8.5366503;OpenStreetMap
"Utban Obras";71120;Engenharia Civil;"";;;;;;;38.6692108;-9.1621481;OpenStreetMap
"TRENMO Engenharia, S.A.";71120;Engenharia Civil;"Rua de SÃ¡ da Bandeira";4000-437;Porto;;+351 225 028 579;https://www.trenmo.com;geral@trenmo.com;41.1518857;-8.6063665;OpenStreetMap
"JosÃ© Lopes da Costa - Atelier de Arquitectura";71110;Arquitetura e Projetos;"Rua de CabanÃµes";3880-742;SÃ£o JoÃ£o de Ovar;;+351 256 575 195;https://lopesdacosta.pt/;;40.8716196;-8.5982046;OpenStreetMap
"Omnidea, Lda";71120;Engenharia Civil;"";;;;;;;38.6570960;-9.2070711;OpenStreetMap
"Omnidea, Lda";71120;Engenharia Civil;"";;;;;https://omnidea.net/;;38.9994961;-9.0820641;OpenStreetMap
"Joceline Medeira e Francisco GanhÃ£o";71110;Arquitetura e Projetos;"Largo do ComÃ©rcio";7630-017;Odemira;;21 928 34 40;;;37.6529054;-8.7930498;OpenStreetMap
"AR Studio Architects";71110;Arquitetura e Projetos;"Rua Durbalino Laranjeira";;SÃ£o JoÃ£o da Madeira;;;http://www.arstudioarchitects.com/;;40.8981377;-8.4928369;OpenStreetMap
"ASC";71120;Engenharia Civil;"Rua das Boucinhas";5000-033;Vila Real;;;;;41.2652555;-7.6923164;OpenStreetMap
"Pipes Projetos";71110;Arquitetura e Projetos;"Estrada das Malhadinhas";;;;;;;38.9890295;-8.7484167;OpenStreetMap
"Melchior - ServiÃ§os de Engenharia";71110;Arquitetura e Projetos;"";;;;;;;40.1386662;-7.5053189;OpenStreetMap
"Area";71110;Arquitetura e Projetos;"";;;;;;;42.0793326;-8.4821737;OpenStreetMap
"CertificaÃ§Ã£o EnergÃ©tica de EdifÃ­cios";71120;Engenharia Civil;"Rua Dom Nuno Ãlvares Pereira";7570-239;GrÃ¢ndola;;+351916335077;;;38.1830259;-8.5671786;OpenStreetMap
"Atelier 7570";71110;Arquitetura e Projetos;"";;;;;;;38.1728754;-8.5664235;OpenStreetMap
"Joel Sequeira";71120;Engenharia Civil;"";;;;;;;38.1730966;-8.5666712;OpenStreetMap
"Funjisteel";71120;Engenharia Civil;"";;;;;;;38.1782675;-8.5621058;OpenStreetMap
"IVL";71120;Engenharia Civil;"";;;;;;;38.1777868;-8.5649838;OpenStreetMap
"Rui Bizarro";71120;Engenharia Civil;"";;;;;;;38.1775169;-8.5671993;OpenStreetMap
"Teresa Ledo";71110;Arquitetura e Projetos;"";;;;;;;38.1759614;-8.5687672;OpenStreetMap
"Alves Rasteiro";71120;Engenharia Civil;"";;;;;;;40.6455223;-7.9097945;OpenStreetMap
"Atelier Amadeo";71110;Arquitetura e Projetos;"Rua de Amadeu de Sousa Cardoso";;Lisbon;;;;;38.7051398;-9.1852635;OpenStreetMap
"A+ Project Arquitetura";71110;Arquitetura e Projetos;"Rua Augusto Correia";4760-125;Vila Nova de Famalicao;;;;amaisproject@gmail.com;41.4092216;-8.5201078;OpenStreetMap
"Ingenio's";71110;Arquitetura e Projetos;"Rua Augusto Correia";4760-125;Vila Nova de Famalicao;;+351 910 061 727;https://www.ingenios.pt/;geral@ingenios.pt;41.4091261;-8.5203065;OpenStreetMap
"TraÃ§o com Texturas";71110;Arquitetura e Projetos;"Rua Ernesto Carvalho";4760-143;Vila Nova de Famalicao;;+351 917 110 329;;;41.4079810;-8.5222252;OpenStreetMap
"Hinata";71110;Arquitetura e Projetos;"";;;;;;;40.6644541;-7.8943082;OpenStreetMap
"HGP Arquiteto";71110;Arquitetura e Projetos;"";;;;;;;41.3166323;-7.7354911;OpenStreetMap
"Pec arquitectos";71110;Arquitetura e Projetos;"";;;;;;;41.1210683;-8.6171603;OpenStreetMap
"PROJECTOS";71120;Engenharia Civil;"Rua Azores Park";9500-794;SÃ£o Roque;;;https://www.projectos.pt/;;37.7753315;-25.6224896;OpenStreetMap
"Ponto Design Arquitectura";71110;Arquitetura e Projetos;"Rua do Peso";;;;;;;40.9846099;-8.6072791;OpenStreetMap
"Camarim Arquitectos";71110;Arquitetura e Projetos;"Campo Grande";;;;+351 21 882 5501;https://camarim.pt;mail@camarim.pt;38.7490235;-9.1477590;OpenStreetMap
"MSB Arquitectos";71110;Arquitetura e Projetos;"Rua Major Reis Gomes";9000-038;Funchal;;;;;32.6479592;-16.9133498;OpenStreetMap
"Pontelux";71120;Engenharia Civil;"Rua de Santo AdriÃ£o";;;;;;;41.5422827;-8.4146792;OpenStreetMap
"URBITRAÃO";71110;Arquitetura e Projetos;"";;;;+351 275 325 086;https://www.urbitraco.pt/;;40.2644839;-7.5045270;OpenStreetMap
"MÃ©rito Maravilha, Lda";71120;Engenharia Civil;"";;;;;;;41.1318315;-8.2072329;OpenStreetMap
"4Archi";71110;Arquitetura e Projetos;"";;;;;;;41.1422092;-8.6140375;OpenStreetMap
"Sidney Quintela Architecture + Urban Planning";71110;Arquitetura e Projetos;"Cais do GÃ¡s";;Lisboa;;;;;38.7055686;-9.1477078;OpenStreetMap
"Nuno Ferreira";71110;Arquitetura e Projetos;"";;;;;;;41.4418930;-8.0862137;OpenStreetMap
"Projectos JosÃ© Gomes Capinha";71110;Arquitetura e Projetos;"Rua da PraÃ§a de Touros";2500-167;Caldas da Rainha;;;;;39.4080761;-9.1337670;OpenStreetMap
"Sonepar";71120;Engenharia Civil;"";;;;;;;41.2449811;-8.6269966;OpenStreetMap
"Comfica - Soluciones Integrales";71120;Engenharia Civil;"";;;;;;;41.2486478;-8.6269544;OpenStreetMap
"Invenio Engenharia";71120;Engenharia Civil;"";;;;;www.invenio.pt;;41.2507146;-8.6298369;OpenStreetMap
"tecniquitel";71120;Engenharia Civil;"";;;;;https://www.tecniquitel.pt/;;41.2481420;-8.6272706;OpenStreetMap
"EQS";71120;Engenharia Civil;"";;;;;;;41.2459248;-8.6280864;OpenStreetMap
"Viampa";71120;Engenharia Civil;"";;;;;;;41.3725864;-8.7481166;OpenStreetMap
"Infraestruturas de Portugal";71120;Engenharia Civil;"";;;;;;;39.8182624;-7.4915195;OpenStreetMap
"CVDB Arquitectos";71110;Arquitetura e Projetos;"Rua da Cintura do Porto de Lisboa";1200-109;Lisboa;;+351 216 086 582;https://www.cvdbarquitectos.com;cvdb@cvdbarquitectos.com;38.7060391;-9.1507415;OpenStreetMap
"Riscos & Rascunhos";71110;Arquitetura e Projetos;"Rua Doutor Manuel da Cruz JÃºnior";2870-121;Montijo;;+351 210 840 824;http://www.riscoserascunhos.pt;geral@riscoserascunhos.pt;38.7070589;-8.9810571;OpenStreetMap
"SanPir ConstruÃ§Ãµes";71110;Arquitetura e Projetos;"";;;;;;;38.7824277;-9.1117354;OpenStreetMap
"Aja Automation";71120;Engenharia Civil;"";;;;;;;38.7822178;-9.1110308;OpenStreetMap
"Aspa Atelier";71110;Arquitetura e Projetos;"Rua Irene Isidro";;Lisboa;;;;;38.7133448;-9.2056013;OpenStreetMap
"Gabinete tÃ©cnico;Gabinete de projetos";71120;Engenharia Civil;"";;;;;;;39.4711478;-8.3333506;OpenStreetMap
"Silva & Almerinda";71120;Engenharia Civil;"";;;;;;;41.2438271;-8.6315808;OpenStreetMap
"Arq.Âº AntÃ³nio Pedro Lima: SoluÃ§Ãµes SustentÃ¡veis - Arquitectura, Engenharia, ConstruÃ§Ã£o";71110;Arquitetura e Projetos;"Rua das ChaminÃ©s d'El Rei";1400-058;Lisboa;;+351 967 233 429;;;38.7128443;-9.2048572;OpenStreetMap
"M.ARQS";71110;Arquitetura e Projetos;"Rua Adriano Pinto Basto";4760-114;Vila Nova de Famalicao;;+351 252 314793;https://www.marqs.pt/;geral@marqs.pt;41.4100880;-8.5191382;OpenStreetMap
